id,name,values,category,source_count,target_count,EC
a281588807,sguconsulting,100.0,0,0.0,1.0,371.0
a16691000,billypidgeon,100.0,0,1.0,2.0,260.0
a19044902,rodsav,100.0,0,68.0,53.0,20930.0
a16211705,Daniel_Blackman,100.0,0,2.0,1.0,342.0
a41823369,leemlevitt,100.0,0,0.0,0.0,0.0
a32339119,PaulCarrollco,100.0,0,1.0,5.0,1879.0
a194818057,alexisbe76,100.0,0,0.0,0.0,0.0
a1375425098631503873,RhysPlank,100.0,0,0.0,0.0,0.0
a36009499,onuraydin_,100.0,0,1.0,0.0,12.0
a112889836,wanderingscout,100.0,0,3.0,3.0,922.0
a278299298,OriginalMktg,100.0,0,0.0,0.0,0.0
a145315101,Farrellydee,100.0,0,2.0,4.0,1361.0
a14484568,JoeMattiello,100.0,0,0.0,0.0,0.0
a234634593,ThriftiesNews,100.0,0,0.0,0.0,0.0
a1382508505492426754,RalphLavelle,100.0,0,0.0,1.0,430.0
a268234279,JossDuggan,100.0,0,0.0,1.0,137.0
a246724824,timstottlive,100.0,0,0.0,0.0,0.0
a8732322,standupkid,100.0,0,30.0,19.0,7822.0
a717,Manu,100.0,0,1.0,0.0,12.0
a737007193476739072,theunschoolblog,100.0,0,0.0,0.0,0.0
a50824475,ozburns,100.0,0,0.0,0.0,0.0
a31377146,JordyCannon,100.0,0,1.0,0.0,127.0
a592584473,alicemdonaldson,100.0,0,4.0,7.0,2490.0
a25041123,chrismewett,100.0,0,2.0,4.0,110.0
a818529,CMS3rd,100.0,0,1.0,1.0,64.0
a2153258946,mandersonsfca,100.0,0,8.0,13.0,3002.0
a23373409,GregBarila,100.0,0,192.0,133.0,56454.0
a17125728,rwebber,100.0,0,17.0,20.0,6648.0
a15244244,steveclancy,100.0,0,0.0,0.0,0.0
a17538244,sublimino,100.0,0,4.0,3.0,81.0
a1924438339,alangkarapatan,100.0,0,2.0,2.0,528.0
a196819524,irlgaming,100.0,0,2.0,1.0,92.0
a24655435,simoen,100.0,0,1.0,4.0,1545.0
a23187732,nadiazonis,100.0,0,1.0,5.0,1743.0
a237097176,hughskr,100.0,0,0.0,4.0,668.0
a15977128,Jessicakpark,100.0,0,0.0,0.0,0.0
a7213802,rajivpant,100.0,0,70.0,73.0,19481.0
a22373168,acohen365,100.0,0,0.0,0.0,0.0
a22605688,ChelleMason,100.0,0,1.0,6.0,1619.0
a36830769,rodpeno,100.0,0,37.0,15.0,5714.0
a2447810472,gamble_elaine,100.0,0,0.0,1.0,800.0
a17653842,therewasaguy,100.0,0,0.0,0.0,0.0
a14710481,arensberg,100.0,0,0.0,0.0,0.0
a43802633,mayanurali,100.0,0,1.0,2.0,508.0
a23381612,jasonealey,100.0,0,7.0,3.0,565.0
a21290028,JimmyCollier,100.0,0,0.0,3.0,964.0
a28670005,alexmcneilly,100.0,0,5.0,15.0,4180.0
a11766332,pmcaree,100.0,0,0.0,0.0,0.0
a231600308,tvariadne,100.0,0,3.0,4.0,805.0
a149867945,yoni_bashan,100.0,0,146.0,53.0,42667.0
a1167068322547953665,food_natures,100.0,0,0.0,0.0,0.0
a24621292,claudiacukrov,100.0,0,0.0,1.0,238.0
a162925433,jlilley626,100.0,0,1.0,6.0,1753.0
a105610543,FreeRangePamela,100.0,0,0.0,0.0,0.0
a15845793,IABAustralia,100.0,0,59.0,26.0,7785.0
a7557392,mrosen,100.0,0,2.0,3.0,692.0
a97966078,realrobcopeland,100.0,0,102.0,48.0,22485.0
a27815100,bellamac14,100.0,0,3.0,8.0,2253.0
a246155862,EyadElwan,100.0,0,0.0,0.0,0.0
a475987285,jaed_k,100.0,0,0.0,0.0,0.0
a27571131,DanielaElser,100.0,0,14.0,12.0,5771.0
a843828560095776772,HearSteveRoss,100.0,0,0.0,0.0,0.0
a303886429,JordanKurzweil,100.0,0,2.0,5.0,1746.0
a16940693,martinamartina,100.0,0,3.0,2.0,480.0
a146001552,shazaansayeed,100.0,0,0.0,0.0,0.0
a31570190,MarkNiuWrite,100.0,0,2.0,3.0,496.0
a64172365,justincormack,100.0,0,5.0,7.0,841.0
a45946901,jeffweissner,100.0,0,0.0,0.0,0.0
a19653604,scottnorvell,100.0,0,8.0,12.0,3656.0
a14121838,LozCrowther,100.0,0,6.0,4.0,356.0
a111415215,mariecamilleh,100.0,0,55.0,80.0,31761.0
a21162775,JZMak,100.0,0,2.0,0.0,72.0
a51995095,lamsy_senior,100.0,0,0.0,1.0,23.0
a3332669817,TizianaSRinaldi,100.0,0,1.0,0.0,27.0
a275982769,benscadden,100.0,0,35.0,41.0,11695.0
a49424508,dehnj,100.0,0,0.0,1.0,800.0
a28213817,Ro_Smith,100.0,0,125.0,71.0,37497.0
a22017074,nlanese,100.0,0,0.0,0.0,0.0
a18028748,donaldgardner,100.0,0,1.0,1.0,188.0
a1145984850391965696,tobi_,100.0,0,0.0,0.0,0.0
a23671175,mektomek,100.0,0,1.0,0.0,66.0
a22000820,colebatchd,100.0,0,0.0,0.0,0.0
a24658299,therealmaxsim,100.0,0,1.0,3.0,105.0
a544446644,iseelondon312,100.0,0,0.0,2.0,562.0
a1968641286,ColetteGall,100.0,0,2.0,10.0,3637.0
a14288039,DrJohnCokley,100.0,0,8.0,6.0,2857.0
a3054975403,LindenDawson,100.0,0,0.0,2.0,113.0
a27024434,Hegle,100.0,0,0.0,0.0,0.0
a97762619,DisrupTiv,100.0,0,0.0,0.0,0.0
a848000102,goconspire,100.0,0,1.0,0.0,77.0
a404708110,ChrisPavPhotog,100.0,0,43.0,50.0,17651.0
a19017100,elenacorchero,100.0,0,7.0,1.0,741.0
a23032035,mpdiliberto,100.0,0,0.0,1.0,800.0
a175215164,NicoletteLogue,100.0,0,26.0,31.0,13712.0
a239364098,EimearRyan84,100.0,0,0.0,0.0,0.0
a52589106,Moriarty_Chris,100.0,0,1.0,1.0,329.0
a24121184,MattCow,100.0,0,1.0,0.0,30.0
a17821636,yeohflow,100.0,0,1.0,3.0,1210.0
a261449515,stephenhickie,100.0,0,0.0,6.0,2433.0
a295511588,justcastro,100.0,0,0.0,0.0,0.0
a26208500,mickevans,100.0,0,2.0,3.0,307.0
a425351293,kyliemknight,100.0,0,24.0,19.0,6438.0
a1546330811800383488,DaveCreasey1,100.0,0,0.0,0.0,0.0
a16499471,barbaragriffin,100.0,0,0.0,2.0,456.0
a121216512,bringsmayflower,100.0,0,0.0,1.0,371.0
a1486177862,ElizzaTrue,100.0,0,0.0,0.0,0.0
a17457061,elizhendrickson,100.0,0,0.0,3.0,533.0
a23650405,torny_miller,100.0,0,36.0,36.0,13560.0
a23577316,djtev,100.0,0,0.0,0.0,0.0
a22315925,melissahoyer,100.0,0,205.0,82.0,49997.0
a52388742,terric68,100.0,0,10.0,27.0,8250.0
a15515532,katie_spain,100.0,0,38.0,48.0,13022.0
a4255815316,RashmiLotlikar,100.0,0,0.0,0.0,0.0
a6325422,McBoof,100.0,0,14.0,27.0,3628.0
a85565389,craighutchy,100.0,0,84.0,21.0,17390.0
a203189776,jabaribell,100.0,0,0.0,0.0,0.0
a62299766,kirstenmatthew,100.0,0,1.0,2.0,960.0
a21806325,Rhodes_Sarah,100.0,0,0.0,3.0,823.0
a2762134405,ashjbrock,100.0,0,0.0,5.0,1951.0
a2150185436,DanJStrass,100.0,0,0.0,0.0,0.0
a906864266,anddreaj,100.0,0,0.0,0.0,0.0
a190854356,alymarieperry,100.0,0,0.0,0.0,0.0
a419847864,sCareySports,100.0,0,0.0,0.0,0.0
a11346,anson,100.0,0,18.0,9.0,619.0
a14596422,mississa,100.0,0,13.0,10.0,1203.0
a1219969795614863361,_sophiajoyce,100.0,0,0.0,0.0,0.0
a1968931,SweetAl,100.0,0,0.0,2.0,446.0
a19172066,karistar,100.0,0,6.0,1.0,833.0
a2882871,molmi,100.0,0,1.0,0.0,2.0
a24850807,thejazzlord,100.0,0,6.0,3.0,852.0
a157605921,roshan092,100.0,0,1.0,1.0,20.0
a14782316,buck_ers,100.0,0,17.0,23.0,8395.0
a12273492,rogeriopvl,100.0,0,1.0,1.0,14.0
a348054263,jacqui_owens,100.0,0,0.0,7.0,911.0
a298417809,DanielHinden,100.0,0,0.0,0.0,0.0
a28653910,kymlenoble,100.0,0,1.0,0.0,200.0
a19145106,glasgowfranko81,100.0,0,0.0,2.0,105.0
a23461049,dangilbot,100.0,0,6.0,7.0,1255.0
a81066557,Geniemltd,100.0,0,0.0,0.0,0.0
a884640969844441088,LeftFieldPR,100.0,0,0.0,0.0,0.0
a15316876,kieranyo,100.0,0,2.0,1.0,46.0
a33613067,curtbroc,100.0,0,0.0,0.0,0.0
a20432487,KateUebergang,100.0,0,11.0,20.0,7476.0
a876976636549251072,ChrisDevling,100.0,0,0.0,0.0,0.0
a99692974,fredthedoor,100.0,0,0.0,0.0,0.0
a362166358,LisaMuxworthy,100.0,0,113.0,70.0,38426.0
a63076105,Raj_Pandian,100.0,0,0.0,0.0,0.0
a233685518,rjohnstone76,100.0,0,1.0,4.0,602.0
a6779932,aruigrok,100.0,0,0.0,0.0,0.0
a21543078,TwoHandsAgency,100.0,0,10.0,18.0,6282.0
a202739925,amandalior,100.0,0,1.0,4.0,1262.0
a847821918,neeraj_hr,100.0,0,0.0,0.0,0.0
a35472980,MattHemes,100.0,0,0.0,3.0,1298.0
a1198354339,rohittote,100.0,0,0.0,0.0,0.0
a1619421809845084163,ImageFitz,100.0,0,0.0,0.0,0.0
a14456968,papermetalrock,100.0,0,7.0,7.0,2081.0
a538452742,WayneMeyersAuth,100.0,0,2.0,2.0,224.0
a5657832,earleyedition,100.0,0,159.0,135.0,46622.0
a137435686,moeDV,100.0,0,0.0,0.0,0.0
a15225578,tobinsmith,100.0,0,2.0,9.0,2408.0
a15676273,itisliz,100.0,0,3.0,10.0,3552.0
a123340987,lauralynnsf,100.0,0,0.0,0.0,0.0
a316855241,tenpercentelvis,100.0,0,0.0,0.0,0.0
a105273049,mgoldberg01,100.0,0,5.0,0.0,955.0
a42901242,BritSeeingStars,100.0,0,0.0,0.0,0.0
a61436584,AlexBrown77,100.0,0,55.0,37.0,18062.0
a90867476,virenpopli,100.0,0,0.0,2.0,1091.0
a252710997,gorgeous_manon,100.0,0,0.0,9.0,2063.0
a303988448,ian_at_cambiare,100.0,0,1.0,5.0,1590.0
a2869893935,chloeflora,100.0,0,0.0,0.0,0.0
a80455965,mpadmanathan,100.0,0,0.0,0.0,0.0
a84320351,PrincessInvites,100.0,0,0.0,0.0,0.0
a789869257,CSullivanMBA,100.0,0,0.0,0.0,0.0
a14874436,JaredEG,100.0,0,0.0,0.0,0.0
a233296093,sherrymims,100.0,0,0.0,0.0,0.0
a266975410,hartawilliams,100.0,0,0.0,0.0,0.0
a21731323,bernie_sheehan,100.0,0,10.0,7.0,3720.0
a798605351448969217,MERGINGourMINDS,100.0,0,0.0,0.0,0.0
a1444867519,bestanswerwins,100.0,0,0.0,1.0,25.0
a160384596,NatGregg,100.0,0,72.0,17.0,13933.0
a20505255,agnes_sp,100.0,0,1.0,0.0,21.0
a6605222,cooktine,100.0,0,6.0,11.0,3409.0
a214322588,AudioAlex123,100.0,0,0.0,0.0,0.0
a7431822,simonmaddox,100.0,0,0.0,3.0,56.0
a1855835144,carlrichardholm,100.0,0,0.0,1.0,145.0
a169422185,fashimi,100.0,0,0.0,0.0,0.0
a474520354,migw222,100.0,0,4.0,4.0,1333.0
a27852432,shoaibalam,100.0,0,1.0,2.0,115.0
a25250293,kategibbs,100.0,0,31.0,10.0,5622.0
a46534019,therightbalance,100.0,0,4.0,6.0,1820.0
a16645918,carlfranzen,100.0,0,17.0,22.0,6379.0
a38356670,prisstratton,100.0,0,2.0,2.0,401.0
a800563922050764800,brandarkau,100.0,0,0.0,0.0,0.0
a19002659,deepersleeper,100.0,0,0.0,0.0,0.0
a215386584,joshgerson,100.0,0,1.0,2.0,1260.0
a17315519,akameme,100.0,0,2.0,4.0,995.0
a408861305,tracey_avery,100.0,0,0.0,0.0,0.0
a1307538566,rlupetin,100.0,0,0.0,0.0,0.0
a14290325,naganaga,100.0,0,2.0,12.0,2649.0
a14247511,davemadden,100.0,0,1.0,7.0,1481.0
a46328743,aries1980,100.0,0,0.0,0.0,0.0
a965771051643875328,MarcCacciola,100.0,0,0.0,0.0,0.0
a16261686,JoeSap,100.0,0,0.0,0.0,0.0
a364066062,Ironmumkarla,100.0,0,0.0,0.0,0.0
a1728886201,ChaniceH_,100.0,0,0.0,0.0,0.0
a29904219,ThisAbled,100.0,0,0.0,1.0,51.0
a6200092,mcascio,100.0,0,6.0,3.0,839.0
a19617441,sbillstein,100.0,0,0.0,0.0,0.0
a91919268,MLawler_aus,100.0,0,5.0,8.0,1902.0
a23901253,matt9183,100.0,0,0.0,1.0,371.0
a1429591108674232323,NicolaConville,100.0,0,0.0,0.0,0.0
a62685491,HemanshuNigam,100.0,0,4.0,4.0,730.0
a22768126,laureningram,100.0,0,54.0,22.0,15822.0
a41337125,katem24,100.0,0,2.0,6.0,3009.0
a314522003,CatherineTonkin,100.0,0,0.0,3.0,1583.0
a183098286,LizKav1,100.0,0,1.0,0.0,10.0
a7853002,chrislopresto,100.0,0,1.0,1.0,82.0
a385218157,PANYL,100.0,0,0.0,0.0,0.0
a14509303,coolmccool,100.0,0,4.0,7.0,994.0
a885830491,amgiant,100.0,0,0.0,1.0,800.0
a4848121159,AskDeborahR,100.0,0,0.0,0.0,0.0
a459484724,elysewanshel,100.0,0,1.0,0.0,151.0
a224996795,whitenoisemedia,100.0,0,5.0,12.0,4578.0
a821424,Casablanca,100.0,0,2.0,0.0,42.0
a260576139,ChrisCTrader,100.0,0,1.0,1.0,306.0
a24754443,jimkennedy250,100.0,0,78.0,48.0,19255.0
a3227677686,NtTaylorLautner,100.0,0,0.0,0.0,0.0
a85004560,cynthiaanna,100.0,0,0.0,0.0,0.0
a862556974940082176,vqafrica,100.0,0,0.0,0.0,0.0
a104040029,ivanjcunningham,100.0,0,3.0,5.0,1398.0
a92439816,scotty_thompson,100.0,0,7.0,23.0,7447.0
a23008442,chelseajclark,100.0,0,21.0,46.0,14207.0
a3517146855,theglobaleditor,100.0,0,2.0,1.0,594.0
a2964246905,petermacrobert,100.0,0,0.0,0.0,0.0
a285842143,Roaaaarer,100.0,0,1.0,9.0,2358.0
a24874287,domshine,100.0,0,27.0,33.0,6842.0
a3885472994,sophiemlewis,100.0,0,1.0,2.0,383.0
a74141468,MikeBathurst,100.0,0,0.0,0.0,0.0
a5825602,russler,100.0,0,2.0,1.0,822.0
a1594217927955431424,ashaynaik1,100.0,0,0.0,0.0,0.0
a22480701,katywatson,100.0,0,7.0,3.0,2710.0
a256226391,lgullery,100.0,0,1.0,0.0,138.0
a753343,hughjm,100.0,0,51.0,51.0,18369.0
a329500751,romankulish,100.0,0,0.0,0.0,0.0
a29420367,carlhartmann,100.0,0,5.0,9.0,1927.0
a6622032,akat,100.0,0,1.0,1.0,78.0
a99217499,jakobdezwart,100.0,0,2.0,1.0,355.0
a17671365,NickdMiller,100.0,0,91.0,20.0,23222.0
a11700622,Tim_Vetscher,100.0,0,0.0,0.0,0.0
a1364796690159427584,MelissaKehagias,100.0,0,0.0,0.0,0.0
a251638021,fernandezivette,100.0,0,0.0,2.0,1171.0
a42383694,FHPhotographer,100.0,0,11.0,6.0,1359.0
a1575683396,whoscron,100.0,0,0.0,0.0,0.0
a311839015,TinaTrinhNYC,100.0,0,1.0,1.0,318.0
a39532625,mandyslearn,100.0,0,0.0,0.0,0.0
a652693,jusk,100.0,0,11.0,6.0,1181.0
a15787301,jaredquinn,100.0,0,6.0,5.0,1989.0
a20560379,Micarus64,100.0,0,6.0,6.0,588.0
a24592502,Hendricksons,100.0,0,0.0,0.0,0.0
a20963690,SimonThomsen,100.0,0,95.0,105.0,37302.0
a2528218201,FranckBessiere,100.0,0,1.0,1.0,446.0
a44603148,ardilesrante,100.0,0,0.0,0.0,0.0
a14684439,tobyhemming,100.0,0,17.0,26.0,7844.0
a26145852,t_shaped,100.0,0,16.0,6.0,1775.0
a30489163,Natizevi,100.0,0,0.0,4.0,812.0
a44569929,WilliamWilding,100.0,0,0.0,1.0,85.0
a350759180,AlexandraGauer,100.0,0,0.0,0.0,0.0
a13889972,kerrytwibell,100.0,0,1.0,2.0,388.0
a51377851,jack_89,100.0,0,1.0,2.0,560.0
a930632995,AnneMareeGale,100.0,0,56.0,49.0,22412.0
a60496118,KimonTaliadoros,100.0,0,9.0,4.0,2487.0
a151808160,Aidan_Coleman,100.0,0,3.0,3.0,1027.0
a5425152,stuandgravy,100.0,0,5.0,4.0,1126.0
a921112112,thelocalbrand,100.0,0,0.0,1.0,444.0
a39652801,Bata_Slavko,100.0,0,0.0,4.0,1015.0
a23083130,therealseanjohn,100.0,0,1.0,0.0,66.0
a87424523,hannah_rand,100.0,0,2.0,4.0,1104.0
a253807310,eloysasot,100.0,0,1.0,1.0,117.0
a2172387585,EdwardHanapole,100.0,0,1.0,1.0,64.0
a15968605,Bayerberg,100.0,0,0.0,0.0,0.0
a428895337,andrew_mcghie,100.0,0,0.0,0.0,0.0
a1282287105326997505,game_villa,100.0,0,0.0,0.0,0.0
a132067845,mathesonjohn,100.0,0,10.0,14.0,1791.0
a562311564,Gregoryj119,100.0,0,0.0,0.0,0.0
a72064359,MandaSims,100.0,0,0.0,3.0,1059.0
a17422787,darrendavidson,100.0,0,244.0,92.0,54998.0
a107246625,Pixels_or_Ink,100.0,0,3.0,7.0,2006.0
a44988827,pratick,100.0,0,0.0,0.0,0.0
a596487998,BeJaiG,100.0,0,3.0,11.0,1861.0
a128807282,JohnWilsonPhoto,100.0,0,2.0,1.0,616.0
a22983937,StephenFenech,100.0,0,72.0,71.0,24117.0
a2849280654,i_am_the_dave,100.0,0,0.0,0.0,0.0
a101139313,tamarajoypeters,100.0,0,1.0,7.0,1571.0
a123947828,DanT44,100.0,0,0.0,3.0,1125.0
a36452328,robertmelstein,100.0,0,0.0,4.0,883.0
a586820763,marielperez04,100.0,0,0.0,0.0,0.0
a19334280,sthartle,100.0,0,2.0,2.0,146.0
a289601481,LisaMcLeanAUS,100.0,0,1.0,6.0,2492.0
a43759044,shannonomeara,100.0,0,12.0,42.0,8332.0
a170626437,MarkHinchliffe,100.0,0,6.0,6.0,1285.0
a15607164,luk79r,100.0,0,0.0,0.0,0.0
a281487825,petergollagher,100.0,0,1.0,1.0,547.0
a50272798,ValeriaGigli,100.0,0,0.0,5.0,1301.0
a16925886,larathom,100.0,0,11.0,12.0,4776.0
a37520926,kristymeudell,100.0,0,5.0,1.0,1204.0
a7998362,jeffmacintyre,100.0,0,10.0,4.0,2106.0
a103985925,rysiepAU,100.0,0,0.0,0.0,0.0
a16549141,kdaversa,100.0,0,2.0,7.0,1702.0
a5628012,kathham,100.0,0,7.0,3.0,1370.0
a3054501197,GeneFoca,100.0,0,0.0,0.0,0.0
a17873304,peteflint,100.0,0,16.0,9.0,2579.0
a1020829136,FionnualaOLear1,100.0,0,15.0,21.0,4285.0
a733889096,MBaumann16,100.0,0,0.0,0.0,0.0
a619609970,JamesSmith1001,100.0,0,23.0,17.0,6664.0
a18817661,fathomcreative,100.0,0,0.0,0.0,0.0
a32942018,marcfrons,100.0,0,34.0,19.0,8354.0
a21875717,jbonne,100.0,0,3.0,0.0,118.0
a86629133,dp_lewis,100.0,0,19.0,13.0,1767.0
a17785047,Digital_Ralph,100.0,0,0.0,2.0,801.0
a213105520,slynch1184,100.0,0,1.0,1.0,112.0
a2477919056,SammyPoate,100.0,0,17.0,18.0,7492.0
a14313887,willmcguinness,100.0,0,7.0,8.0,3664.0
a65575934,TomerGarzberg,100.0,0,4.0,4.0,1199.0
a296743335,spargaj,100.0,0,3.0,1.0,1443.0
a132236063,zigstream,100.0,0,0.0,0.0,0.0
a61892276,Solveris,100.0,0,0.0,0.0,0.0
a23145316,danidudeck,100.0,0,11.0,12.0,3582.0
a123148396,stuartjmclean,100.0,0,0.0,0.0,0.0
a46544992,MKB67,100.0,0,0.0,0.0,0.0
a493180392,DoaneBill,100.0,0,0.0,0.0,0.0
a66007570,markjmusgrave,100.0,0,44.0,36.0,10608.0
a14819514,wasabhi,100.0,0,9.0,3.0,350.0
a14804607,rudids,100.0,0,7.0,9.0,1013.0
a617955619,PeterWTurner,100.0,0,0.0,0.0,0.0
a31682898,CameronEngland,100.0,0,68.0,76.0,25139.0
a32398132,NCookTweets,100.0,0,0.0,0.0,0.0
a27337268,fiona_west,100.0,0,26.0,45.0,16723.0
a27170492,NicCampbell,100.0,0,7.0,14.0,3939.0
a43286518,CurtisHumphreys,100.0,0,0.0,0.0,0.0
a780990103409815552,AdamWilensky111,100.0,0,0.0,1.0,371.0
a21651419,Laura_Westcott,100.0,0,9.0,17.0,2865.0
a15666700,libawr,100.0,0,12.0,9.0,1796.0
a39112684,jasonmakowski,100.0,0,0.0,0.0,0.0
a2032411,kmac,100.0,0,45.0,30.0,13609.0
a202792077,Seth_Kaplan,100.0,0,3.0,2.0,1806.0
a826900959892799488,barry_wade,100.0,0,0.0,0.0,0.0
a6116122,waltdelph,100.0,0,4.0,6.0,1872.0
a23630551,Momotweet,100.0,0,0.0,0.0,0.0
a135414056,Bubble2724,100.0,0,0.0,0.0,0.0
a108752550,mouthmatics,100.0,0,1.0,1.0,158.0
a25548763,EricGoeres,100.0,0,0.0,1.0,68.0
a958094467524956162,EdGibbs,100.0,0,0.0,0.0,0.0
a67443,Freqnc,100.0,0,4.0,1.0,129.0
a326510370,VeracelleVega,100.0,0,4.0,6.0,1869.0
a36021687,AmandaEMcGregor,100.0,0,0.0,2.0,420.0
a15275682,kkanakas,100.0,0,0.0,0.0,0.0
a23005164,timmyfish,100.0,0,24.0,13.0,6543.0
a221413260,JoannLublin,100.0,0,84.0,43.0,19939.0
a17174570,jcdevaney,100.0,0,0.0,0.0,0.0
a6094772,jennibeattie,100.0,0,34.0,43.0,12042.0
a22931184,Speranzini,100.0,0,0.0,0.0,0.0
a23122771,BrandonKenna,100.0,0,0.0,1.0,58.0
a26474442,jneave,100.0,0,5.0,10.0,3406.0
a18061994,Kyle_Emerson,100.0,0,0.0,0.0,0.0
a1134308441307041792,EcFulton,100.0,0,0.0,0.0,0.0
a101732298,gleuto,100.0,0,0.0,3.0,1737.0
a14183560,Beta_Boy,100.0,0,5.0,14.0,2498.0
a1344410204,DalyPlanets,100.0,0,0.0,1.0,48.0
a1421204104521543681,RosyRong,100.0,0,0.0,0.0,0.0
a584406513,cognitionio,100.0,0,0.0,0.0,0.0
a14216296,alperis,100.0,0,0.0,7.0,2207.0
a11774122,abirnbaum,100.0,0,12.0,20.0,1122.0
a30063938,JanineSHKing,100.0,0,0.0,1.0,18.0
a752855778,SydneyEditor,100.0,0,237.0,242.0,78373.0
a556693155,PaulMaasTwits,100.0,0,0.0,0.0,0.0
a115359136,losowsky,100.0,0,0.0,15.0,3039.0
a47386558,TFRNYC,100.0,0,0.0,0.0,0.0
a9429562,TiffanyLaBanca,100.0,0,28.0,27.0,5811.0
a306128444,PeckishLaowai,100.0,0,0.0,0.0,0.0
a292733225,smita_kumar,100.0,0,0.0,0.0,0.0
a269094075,verbartoz,100.0,0,0.0,0.0,0.0
a39645507,mariawv,100.0,0,1.0,3.0,826.0
a5458112,evanrud,100.0,0,2.0,1.0,128.0
a369983778,DanTheOther,100.0,0,0.0,1.0,153.0
a168902762,opinionpeace,100.0,0,16.0,13.0,4343.0
a4859470144,teamdevelopment,100.0,0,0.0,0.0,0.0
a728400146,Estella_Stylus,100.0,0,0.0,0.0,0.0
a1330954411,RedmanMediaAU,100.0,0,16.0,32.0,6755.0
a362317611,Awildwilliams,100.0,0,3.0,1.0,1018.0
a103956063,trentsiddharta,100.0,0,0.0,0.0,0.0
a1516456460837740553,alvinologist,100.0,0,0.0,0.0,0.0
a50522029,janeefraser,100.0,0,5.0,1.0,861.0
a16610206,finn_bradshaw,100.0,0,50.0,20.0,12511.0
a16711810,judypridmore,100.0,0,0.0,7.0,1050.0
a16808274,NicolaeRusan,100.0,0,1.0,2.0,375.0
a40497561,jeremynicholds,100.0,0,0.0,0.0,0.0
a42336167,sebastianvasta,100.0,0,14.0,7.0,1881.0
a18249102,bechgc,100.0,0,39.0,29.0,10349.0
a181522297,fintula,100.0,0,0.0,2.0,15.0
a98776440,mrstevenedwards,100.0,0,0.0,0.0,0.0
a86649159,mediascope_,100.0,0,48.0,51.0,14186.0
a1485307634,EdMaque,100.0,0,0.0,0.0,0.0
a20107348,hellochowders,100.0,0,0.0,0.0,0.0
a2349830430,TomCorrigan_,100.0,0,3.0,11.0,3324.0
a1386127268,ScoopSocial,100.0,0,2.0,2.0,570.0
a31447569,jonfreeland,100.0,0,3.0,4.0,397.0
a32327748,gekka01,100.0,0,5.0,7.0,817.0
a1341744260543107072,Southern_12,100.0,0,0.0,0.0,0.0
a26384927,Wilkoonthego,100.0,0,0.0,0.0,0.0
a752568721,ReginaLovic,100.0,0,20.0,62.0,16235.0
a15939876,evoid,100.0,0,5.0,3.0,345.0
a395060061,DulceKontak,100.0,0,0.0,0.0,0.0
a853470818264903680,iamthemarket,100.0,0,0.0,0.0,0.0
a39361282,PreetiC,100.0,0,0.0,0.0,0.0
a36895120,lbhagia,100.0,0,1.0,3.0,1024.0
a47242650,edwards_sarah,100.0,0,0.0,0.0,0.0
a159717642,StrettyNews,100.0,0,0.0,0.0,0.0
a757144105625485312,JMinners,100.0,0,0.0,0.0,0.0
a189475924,BeeMonty,100.0,0,0.0,0.0,0.0
a14596205,c41,100.0,0,32.0,14.0,3886.0
a3096678282,nexthealthtech,100.0,0,0.0,0.0,0.0
a67038628,andrewmaccoll,100.0,0,0.0,0.0,0.0
a498455262,GuyBeverlin,100.0,0,0.0,0.0,0.0
a900910987,kirstenblatcher,100.0,0,0.0,0.0,0.0
a331805724,cpatrickking,100.0,0,2.0,4.0,1041.0
a130419803,DavidKBurden,100.0,0,0.0,0.0,0.0
a50672946,tengkiat,100.0,0,0.0,0.0,0.0
a262974549,mmmschmutz,100.0,0,0.0,0.0,0.0
a25661356,expiriti_ux,100.0,0,2.0,0.0,20.0
a25047662,heatherharde,100.0,0,12.0,2.0,2331.0
a1970359676,DocHolidayEscpe,100.0,0,1.0,2.0,176.0
a4930001,paul79th,100.0,0,1.0,2.0,842.0
a7136782,pssolomon,100.0,0,2.0,11.0,2237.0
a121403212,MrVincentRyan,100.0,0,4.0,7.0,3025.0
a758102082,AlastairDillon,100.0,0,0.0,1.0,105.0
a252731972,MelanieBencosme,100.0,0,0.0,2.0,1171.0
a18723330,psysci,100.0,0,0.0,1.0,107.0
a231299830,tusharwarrier,100.0,0,0.0,0.0,0.0
a383108006,Moneysouk,100.0,0,0.0,0.0,0.0
a1376150466,Tanya_Cooper__,100.0,0,0.0,0.0,0.0
a9327362,JanKing,100.0,0,1.0,3.0,1306.0
a769586382,Theabeanster,100.0,0,0.0,0.0,0.0
a14334556,shorn,100.0,0,0.0,1.0,77.0
a212085647,RaphaelThiney,100.0,0,0.0,0.0,0.0
a132873105,adyadav,100.0,0,0.0,0.0,0.0
a1392107660204552193,LyndenZhang,100.0,0,0.0,0.0,0.0
a59679444,ZoranGagic,100.0,0,0.0,0.0,0.0
a3183778322,cdwait,100.0,0,0.0,0.0,0.0
a15453334,Petebyrne,100.0,0,2.0,4.0,1367.0
a119109508,steperow,100.0,0,1.0,10.0,2222.0
a2235861086,Imaginativevent,100.0,0,0.0,0.0,0.0
a53118065,stevedebrun,100.0,0,1.0,2.0,44.0
a1085197136877273089,jblankcelonisd1,100.0,0,0.0,0.0,0.0
a20734821,ReeceProudfoot,100.0,0,1.0,7.0,2580.0
a227608741,hthtdraws,100.0,0,42.0,53.0,21620.0
a851273872573841409,brendenfingers,100.0,0,0.0,0.0,0.0
a2614599606,staceys_s,100.0,0,1.0,0.0,107.0
a119528386,RushPathak,100.0,0,25.0,30.0,9073.0
a34797893,innovate61,100.0,0,0.0,1.0,800.0
a276378679,GeorgiaAshdown,100.0,0,1.0,3.0,410.0
a15181188,erniesander,100.0,0,17.0,31.0,8535.0
a109262890,alanlay39,100.0,0,0.0,0.0,0.0
a1260343292,AccoladeCoach,100.0,0,0.0,0.0,0.0
a228772684,smlyne,100.0,0,16.0,12.0,5345.0
a16804661,paulmichaelliam,100.0,0,0.0,1.0,329.0
a33449579,tysonius,100.0,0,4.0,0.0,309.0
a19097573,itshedley,100.0,0,0.0,0.0,0.0
a24232032,barbaragilleran,100.0,0,0.0,0.0,0.0
a101245960,AvenoirOfficial,100.0,0,0.0,0.0,0.0
a546434010,michelle__ives,100.0,0,1.0,1.0,400.0
a15579102,eirikwfossan,100.0,0,7.0,6.0,747.0
a35375546,vybin,100.0,0,0.0,0.0,0.0
a20965139,nickelle,100.0,0,0.0,2.0,1208.0
a30875844,GeoffReinhardt,100.0,0,0.0,0.0,0.0
a11696022,dagrantla,100.0,0,1.0,9.0,2285.0
a2430064507,JulerJo,100.0,0,5.0,2.0,1657.0
a3288371,Clayman,100.0,0,63.0,44.0,12884.0
a31220899,FrankChimento,100.0,0,2.0,2.0,910.0
a23653054,espressi,100.0,0,1.0,2.0,891.0
a273710034,deartahnee,100.0,0,0.0,21.0,5887.0
a225390424,ilikedata,100.0,0,11.0,10.0,3367.0
a727968203175907328,margo_kan,100.0,0,0.0,1.0,417.0
a24784543,ianwilkins,100.0,0,4.0,6.0,891.0
a370524438,tommorris32,100.0,0,49.0,9.0,9440.0
a176674601,Reza_o_0,100.0,0,0.0,0.0,0.0
a14891953,nycBroker,100.0,0,1.0,3.0,977.0
a288233176,JoanneDowdell,100.0,0,1.0,4.0,1328.0
a87252028,tradup_flom,100.0,0,0.0,3.0,571.0
a11709122,paulcheesbrough,100.0,0,146.0,75.0,27512.0
a48281715,susank2,100.0,0,0.0,0.0,0.0
a15132581,stbaker,100.0,0,2.0,0.0,31.0
a21299503,npwb,100.0,0,1.0,1.0,86.0
a1855807326,KateVanArsdale,100.0,0,1.0,1.0,360.0
a135010674,crisdeal,100.0,0,23.0,15.0,5308.0
a20013795,jamespmoriarty,100.0,0,0.0,2.0,440.0
a37710921,mrolnick,100.0,0,15.0,18.0,6765.0
a21036323,joebolger,100.0,0,3.0,5.0,1342.0
a14855492,hit_ch,100.0,0,20.0,12.0,3007.0
a206243992,weegieindublin,100.0,0,0.0,1.0,800.0
a3275135124,TonicPRAus,100.0,0,4.0,13.0,3171.0
a15093979,colster,100.0,0,0.0,0.0,0.0
a28724621,gabbistubbs,100.0,0,18.0,61.0,14076.0
a746783,mikewalsh,100.0,0,33.0,1.0,3638.0
a49497474,pipbrandon,100.0,0,4.0,6.0,1389.0
a17334203,Comaford,100.0,0,4.0,14.0,2635.0
a813512912501411840,Greg_Holzmann,100.0,0,0.0,0.0,0.0
a140838173,funbus,100.0,0,0.0,1.0,48.0
a611881646,AspenWaiteLegal,100.0,0,0.0,0.0,0.0
a16376519,chris_khalil,100.0,0,38.0,27.0,3803.0
a2829401,roybahat,100.0,0,52.0,25.0,9211.0
a162022551,tommisauce,100.0,0,1.0,0.0,17.0
a280167561,paulraskin,100.0,0,0.0,1.0,291.0
a4215201,picassojk2,100.0,0,0.0,0.0,0.0
a532565620,nblynch,100.0,0,0.0,0.0,0.0
a601755735,bradgreen234,100.0,0,4.0,7.0,2837.0
a1446645634904305665,EdicaoZ,100.0,0,0.0,0.0,0.0
a1197430341067165698,rhiannonkeyte,100.0,0,0.0,0.0,0.0
a59110660,phil_machugh,100.0,0,0.0,1.0,109.0
a2542634629,StacyJGrossman,100.0,0,1.0,2.0,518.0
a971044741717610496,AndrewRalph7,100.0,0,0.0,0.0,0.0
a305639891,1906icecold,100.0,0,0.0,0.0,0.0
a14771073,newsnigel,100.0,0,7.0,11.0,3748.0
a72851839,danielantunez,100.0,0,0.0,0.0,0.0
a14681605,ThatKevinSmith,100.0,0,48.0,0.0,3838.0
a1978244892,michaelqueally,100.0,0,0.0,0.0,0.0
a17692610,kbcool,100.0,0,4.0,0.0,466.0
a326759428,TonyIrvine2,100.0,0,0.0,0.0,0.0
a18526581,Synergised,100.0,0,0.0,0.0,0.0
a234657670,NathCres,100.0,0,2.0,3.0,848.0
a52860253,xian_001,100.0,0,0.0,1.0,800.0
a872503988,AnilLakky,100.0,0,0.0,0.0,0.0
a186940469,dennisdemeyere,100.0,0,2.0,1.0,112.0
a3068632413,GeorgiaBaddeley,100.0,0,0.0,0.0,0.0
a283725444,Brett_Dayman,100.0,0,0.0,0.0,0.0
a19681356,StefaniStyle,100.0,0,0.0,0.0,0.0
a16290015,ericrojo,100.0,0,0.0,0.0,0.0
a252586361,tonyrq,100.0,0,0.0,0.0,0.0
a617089137,healthybrandco,100.0,0,1.0,0.0,361.0
a15398448,chuckorama,100.0,0,2.0,8.0,982.0
a82857241,DublinPJ,100.0,0,2.0,6.0,1534.0
a2602098984,PontualR,100.0,0,0.0,0.0,0.0
a167299369,OMGTheyKilledTV,100.0,0,2.0,0.0,61.0
a130215126,DesignworksTLLC,100.0,0,0.0,0.0,0.0
a19429315,jason_mcmurry,100.0,0,0.0,1.0,48.0
a360360946,tigeremachonisa,100.0,0,0.0,0.0,0.0
a82589765,Almonte2,100.0,0,0.0,0.0,0.0
a16996371,hazrac,100.0,0,0.0,2.0,860.0
a38663383,aliceblackwood,100.0,0,3.0,1.0,1025.0
a40543359,instantfilms,100.0,0,0.0,0.0,0.0
a18761829,getcallaghan,100.0,0,0.0,1.0,408.0
a600826022,lisaclarkephoto,100.0,0,17.0,30.0,9123.0
a1219018184,QEDPartner,100.0,0,0.0,0.0,0.0
a147389283,MrsPress,100.0,0,25.0,16.0,6816.0
a14137666,zemlak,100.0,0,3.0,1.0,496.0
a26214500,carmelmelouney,100.0,0,31.0,52.0,17810.0
a794201758130208768,Nicola_Shaver,100.0,0,0.0,0.0,0.0
a19381684,ratulewis,100.0,0,7.0,7.0,3318.0
a45749049,NickSmart85,100.0,0,17.0,36.0,8493.0
a437985578,JohnnyPags1,100.0,0,0.0,0.0,0.0
a128359217,helenmccabe,100.0,0,227.0,33.0,43608.0
a364908177,prajwalsp,100.0,0,0.0,1.0,143.0
a166272961,Debrasito,100.0,0,0.0,0.0,0.0
a1355332434,donna_goddard,100.0,0,0.0,4.0,922.0
a385699368,LeeCrawford,100.0,0,0.0,2.0,877.0
a387466486,jem_zeets,100.0,0,0.0,0.0,0.0
a360969377,LeahMcLennan,100.0,0,29.0,56.0,17637.0
a63588945,ShanelleOnline,100.0,0,5.0,16.0,2893.0
a21191478,dilberry,100.0,0,77.0,89.0,29249.0
a6247872,DaddyMac,100.0,0,9.0,10.0,2911.0
a14977459,kelaher,100.0,0,9.0,8.0,845.0
a14110085,dmact,100.0,0,9.0,22.0,4203.0
a46556771,Koketa007,100.0,0,0.0,1.0,196.0
a44057969,lisanapoli,100.0,0,5.0,6.0,2207.0
a1653010081,brizfagan,100.0,0,52.0,53.0,20135.0
a19290389,andrewdoe,100.0,0,0.0,3.0,1063.0
a263770260,Aziza_Mohsen,100.0,0,0.0,1.0,243.0
a246563708,mariannemcadam,100.0,0,0.0,1.0,329.0
a2450594477,ciars2,100.0,0,0.0,0.0,0.0
a14926428,nickbell,100.0,0,63.0,24.0,9907.0
a2308266966,InktLtd,100.0,0,0.0,0.0,0.0
a91890879,carolbeggy,100.0,0,0.0,1.0,371.0
a14184310,BigDaddyChivs,100.0,0,1.0,10.0,1622.0
a125605132,tomi_torri,100.0,0,0.0,0.0,0.0
a2395680864,GailForrer1,100.0,0,0.0,3.0,873.0
a14382089,fiwi,100.0,0,3.0,1.0,355.0
a18217081,ginac0lada,100.0,0,0.0,0.0,0.0
a26439880,chloedutschke,100.0,0,1.0,3.0,1181.0
a85948399,Prusek,100.0,0,0.0,0.0,0.0
a90655592,Smitty1219,100.0,0,0.0,1.0,800.0
a198339175,juntoboxfilms,100.0,0,0.0,1.0,48.0
a3353531654,BCPgrowthRobin,100.0,0,0.0,0.0,0.0
a475262660,fatsurfer73,100.0,0,0.0,0.0,0.0
a4344291,dbrinker,100.0,0,55.0,29.0,11334.0
a114519095,sparkerjr,100.0,0,0.0,0.0,0.0
a1689925621,RowenaGupta,100.0,0,0.0,0.0,0.0
a15584221,Schmidtzerland,100.0,0,0.0,0.0,0.0
a2295129432,ThriveCare,100.0,0,0.0,0.0,0.0
a286206729,MarkMicalizzi,100.0,0,0.0,0.0,0.0
a4756344860,KPIPlaybook,100.0,0,0.0,0.0,0.0
a900856687,hemmingasdado,100.0,0,0.0,0.0,0.0
a121930044,jbeatle07,100.0,0,0.0,1.0,48.0
a273722931,chucksmeeton,100.0,0,3.0,2.0,1031.0
a1090915980,joey871986,100.0,0,0.0,0.0,0.0
a1011745094,simplygolive,100.0,0,0.0,0.0,0.0
a1584693480,leticia_cav,100.0,0,0.0,0.0,0.0
a21903583,marlower,100.0,0,0.0,0.0,0.0
a14988468,alchen,100.0,0,0.0,3.0,544.0
a47256511,vemuvpk,100.0,0,0.0,0.0,0.0
a16193267,dominic_johnson,100.0,0,2.0,3.0,169.0
a246619960,emmiedowling,100.0,0,32.0,73.0,20090.0
a47221753,ClaireHeaney,100.0,0,13.0,13.0,6508.0
a322041364,viaCedar,100.0,0,6.0,7.0,1516.0
a3172585393,HealthPHR,100.0,0,0.0,0.0,0.0
a452083171,DerekPedley,100.0,0,35.0,48.0,15034.0
a122459062,Sandra_DSouza,100.0,0,3.0,53.0,12601.0
a1088672844274380800,montalvo_rina,100.0,0,0.0,0.0,0.0
a20709371,LGarassino,100.0,0,0.0,0.0,0.0
a20453476,johnknyc,100.0,0,9.0,10.0,2381.0
a2869547035,svgriffiths,100.0,0,10.0,6.0,3068.0
a21950700,TravelsinTaste,100.0,0,0.0,0.0,0.0
a74341736,alexbartzis,100.0,0,0.0,1.0,386.0
a63581529,edgarator,100.0,0,0.0,1.0,51.0
a1043451970114211840,PKincl,100.0,0,0.0,0.0,0.0
a97671632,subhasarkar007,100.0,0,0.0,0.0,0.0
a1164836936,thefrequentflyr,100.0,0,1.0,0.0,30.0
a31132061,AmyKatzenberg,100.0,0,0.0,0.0,0.0
a24732199,appessoa,100.0,0,3.0,1.0,1367.0
a271718389,CraigHerreraTV,100.0,0,1.0,0.0,138.0
a14868731,DrewLipsher,100.0,0,1.0,2.0,392.0
a173927996,EliseHolzheimer,100.0,0,0.0,0.0,0.0
a25295980,robbyki,100.0,0,0.0,0.0,0.0
a321304822,philfreenow,100.0,0,1.0,1.0,20.0
a3309015210,camer0nbell,100.0,0,0.0,0.0,0.0
a2501985234,CFOSeattle,100.0,0,0.0,0.0,0.0
a3648754634,_Amanda_Bell,100.0,0,1.0,5.0,1295.0
a23912997,TishaLewis,100.0,0,1.0,0.0,20.0
a21231599,WallyDownes_Jr,100.0,0,3.0,0.0,96.0
a17078013,NYCMelody,100.0,0,2.0,4.0,715.0
a90729965,daphneelliott,100.0,0,0.0,0.0,0.0
a1567197847,carolin3kay,100.0,0,0.0,0.0,0.0
a42859749,pajacksonusa,100.0,0,0.0,4.0,829.0
a960976819993415681,TheLeanOrange,100.0,0,0.0,0.0,0.0
a234224108,gajetEXP,100.0,0,0.0,2.0,94.0
a16543505,Ben_Shute,100.0,0,26.0,40.0,10572.0
a42562518,cateyarrows,100.0,0,0.0,0.0,0.0
a2371651380,ChocoholicCharu,100.0,0,0.0,0.0,0.0
a305347391,RichUnwin3524,100.0,0,0.0,0.0,0.0
a19695490,Hoges5,100.0,0,4.0,9.0,3407.0
a581622104,SydneyFoodPhoto,100.0,0,0.0,0.0,0.0
a5749162,thepeterha,100.0,0,16.0,3.0,1697.0
a582485494,StilettoMediaAU,100.0,0,0.0,0.0,0.0
a38065432,ginniacheng,100.0,0,0.0,2.0,129.0
a24013481,abedelman,100.0,0,16.0,23.0,6279.0
a577440485,dorotaux,100.0,0,0.0,0.0,0.0
a1255390818267009025,yograjsharma,100.0,0,0.0,0.0,0.0
a7015182,zoeadamovicz,100.0,0,0.0,0.0,0.0
a29894397,vic_taylor,100.0,0,1.0,1.0,78.0
a137806147,scribehernan,100.0,0,0.0,1.0,800.0
a18960328,jturow,100.0,0,0.0,3.0,1248.0
a1516494326381133824,HenrySchenker,100.0,0,0.0,0.0,0.0
a5417132,Andrew303,100.0,0,64.0,30.0,7759.0
a36600417,Marcus_Freeman,100.0,0,0.0,1.0,800.0
a38573453,georgiispeakman,100.0,0,1.0,1.0,1035.0
a2931757974,anthony_dodd1,100.0,0,5.0,8.0,3509.0
a181982328,djrosea,100.0,0,1.0,3.0,1080.0
a24093318,LaetitiaElfassy,100.0,0,4.0,0.0,938.0
a151206003,spmanning2,100.0,0,0.0,0.0,0.0
a16719607,seantimothy,100.0,0,0.0,8.0,2078.0
a266851018,SarrisG83,100.0,0,1.0,1.0,845.0
a7904562,ringlerun,100.0,0,0.0,1.0,13.0
a1159830936,PauloAnthoni,100.0,0,0.0,0.0,0.0
a18644195,AnkurK_,100.0,0,0.0,5.0,1537.0
a206978933,mattj_mckenzie,100.0,0,1.0,5.0,1603.0
a17212716,TStewartShiu,100.0,0,0.0,0.0,0.0
a578100380,sammycheney,100.0,0,4.0,2.0,944.0
a44033660,PGDeepThoughts,100.0,0,3.0,1.0,461.0
a1431922039,sarahford95,100.0,0,0.0,0.0,0.0
a110923473,TashSR,100.0,0,1.0,0.0,10.0
a271409515,melindajane1990,100.0,0,0.0,0.0,0.0
a142890104,megan_c_millar,100.0,0,0.0,0.0,0.0
a52963507,marcbennie,100.0,0,2.0,10.0,2017.0
a34390585,sormaz,100.0,0,0.0,4.0,213.0
a15483734,jeffreypreston,100.0,0,0.0,1.0,44.0
a38611299,AGBanks_,100.0,0,0.0,0.0,0.0
a1221761821,elisederwin,100.0,0,9.0,4.0,2293.0
a196171603,TCitiesBestDeal,100.0,0,0.0,0.0,0.0
a14155571,saline,100.0,0,46.0,58.0,19567.0
a14397440,rhiannonelston,100.0,0,68.0,72.0,28830.0
a23457092,Deefrizzy,100.0,0,0.0,1.0,48.0
a18231471,questionswork,100.0,0,5.0,42.0,8088.0
a61833373,MrTimmins,100.0,0,12.0,34.0,6733.0
a1369343367176478723,dimi_fanis,100.0,1,0.0,0.0,0.0
a1569085088239087616,Mitchdrambles,100.0,1,0.0,0.0,0.0
a144840737,lottiewillis,100.0,1,93.0,92.0,37375.0
a703460468,PaulJakubski,100.0,1,6.0,7.0,1344.0
a2482921141,NCA_Digital,100.0,1,3.0,2.0,1225.0
a1539925793782263812,JackFrancoCol,100.0,1,1.0,1.0,192.0
a2888498893,mariaymilgate,100.0,1,1.0,2.0,693.0
a1443464454,gemmascerri,100.0,1,2.0,8.0,1903.0
a796218576512241668,anjalie_tandon,100.0,1,7.0,10.0,795.0
a496028946,VerityWishart,100.0,1,5.0,7.0,733.0
a1492986516293193729,EvangelinePoly,100.0,1,10.0,12.0,3226.0
a1473399535129042954,heyJohnRech,100.0,1,2.0,25.0,6795.0
a1107584451716931585,Carly__Douglas,100.0,1,21.0,28.0,9703.0
a1031289377815764992,MaxGendler,100.0,1,1.0,2.0,367.0
a22166656,CharlieWeiss,100.0,1,13.0,12.0,5249.0
a2225735166,BizarroRupert,100.0,1,0.0,8.0,2388.0
a1394298362703142912,NuwusCorp,100.0,1,0.0,3.0,1451.0
a24715859,Titanarum,100.0,1,0.0,0.0,0.0
a43814006,r2000c,100.0,1,128.0,102.0,29342.0
a116197143,thomaslogue,100.0,1,0.0,2.0,1043.0
a3072904286,rob_sutherland3,100.0,1,20.0,20.0,9000.0
a3072116425,TriciaWatkinson,100.0,1,26.0,16.0,6430.0
a74688847,ShashankRandev,100.0,1,1.0,11.0,2380.0
a1243391312067354625,JosieAd45207405,100.0,1,0.0,0.0,0.0
a702975926464811008,itsgracewillis,100.0,1,0.0,23.0,5469.0
a242894222,Plaid_Murdoch,100.0,1,4.0,1.0,1371.0
a21380147,sahadpv,100.0,1,6.0,10.0,2984.0
a160181633,MadhupGiri,100.0,1,0.0,0.0,0.0
a1175338406617837569,OndyHarvard,100.0,1,4.0,27.0,9647.0
a486229532,SarahSpencer,100.0,1,17.0,13.0,4823.0
a1130651114,markcmuzza,100.0,1,32.0,42.0,12342.0
a1391225004,LawrenceMachado,100.0,1,28.0,40.0,12219.0
a869739601002283008,karajung,100.0,1,37.0,64.0,18309.0
a953855921108561920,Krishna84908663,100.0,1,0.0,0.0,0.0
a366337931,JSinnerton,100.0,1,65.0,66.0,21921.0
a809203700551929856,isabellalarena,100.0,1,0.0,0.0,0.0
a885013330309652482,altnewscorp,100.0,1,0.0,0.0,0.0
a630838783,whatlouthinks,100.0,1,85.0,94.0,33752.0
a295208660,GANESHK6,100.0,1,0.0,4.0,563.0
a127151785,furlernator,100.0,1,37.0,37.0,14965.0
a1429887194,cathryn_mac,100.0,1,10.0,7.0,3113.0
a851872889540403201,BWANAUTAMU2,100.0,1,0.0,1.0,247.0
a41855228,Murdoch_Anne,100.0,1,0.0,1.0,800.0
a1598007704,AnthonyLucas30,100.0,1,12.0,11.0,3139.0
a3030188181,sarah_keoghan,100.0,1,65.0,57.0,24482.0
a451586190,rupertmurdoch,100.0,1,794.0,6.0,76467.0
a714443096927248384,nilssonjones_,100.0,1,27.0,72.0,17210.0
a2610582973,LucyKCallander,100.0,1,2.0,7.0,1200.0
a16823201,Ev19,100.0,1,42.0,32.0,15950.0
a17796830,jess_clement,100.0,1,78.0,99.0,36867.0
a2582864946,kateaitken14,100.0,1,0.0,0.0,0.0
a24458529,TheRealRocky123,100.0,1,76.0,81.0,29978.0
a2880185336,MelanieBurgess,100.0,1,22.0,9.0,5534.0
a320692744,andrew_hough,100.0,1,129.0,83.0,42343.0
a1000345214001725440,RebeccaaBorg,100.0,1,15.0,8.0,2614.0
a1453170282571522053,Samstolznews,100.0,1,11.0,14.0,3780.0
a19638315,shellerose,100.0,1,24.0,38.0,13005.0
a39221707,NicholasGray,100.0,1,234.0,267.0,85913.0
a1269181292,liztilley84,100.0,1,97.0,87.0,38175.0
a836353099136540672,lauraplacella,100.0,1,32.0,64.0,15044.0
a2313204931,LillSaleh,100.0,1,198.0,151.0,61092.0
a135703663,tminear,100.0,1,194.0,141.0,62703.0
a492222778,isabel_jwt,100.0,1,0.0,2.0,452.0
a1326779576,noah_yim,100.0,1,20.0,94.0,23241.0
a1267693002534739968,ToscaPawela,100.0,1,20.0,39.0,12241.0
a3291332107,ShaylaBulloch,100.0,1,44.0,52.0,17059.0
a2357854014,WiseDamonWise,100.0,1,9.0,25.0,6715.0
a1966207112,BelindaNewton88,100.0,1,12.0,11.0,4992.0
a2968255130,raniabeattie23,100.0,1,0.0,0.0,0.0
a362165266,DaveyCampbell85,100.0,1,70.0,58.0,24181.0
a2850555501,camcansnap,100.0,1,33.0,29.0,12544.0
a516215990,TomChamberlin,100.0,1,101.0,89.0,31861.0
a229497161,lvitorovich,100.0,1,76.0,60.0,28351.0
a40886399,TwistedKristy,100.0,1,62.0,63.0,22680.0
a129961254,bervanews,100.0,1,28.0,34.0,13903.0
a2673612714,adrianamageros,100.0,1,1.0,2.0,324.0
a989998760,AZakaras,100.0,1,9.0,28.0,8675.0
a437253591,shoba_rao,100.0,1,113.0,90.0,40092.0
a178859360,akoubaridis,100.0,1,117.0,139.0,48525.0
a22720840,natbane,100.0,1,101.0,51.0,29874.0
a304817234,kate_dowler,100.0,1,30.0,51.0,17005.0
a412659337,davemastersnyc,100.0,1,0.0,2.0,842.0
a96691672,MikeLeimeister,100.0,1,1.0,2.0,808.0
a162424155,smitthakkar_,100.0,1,0.0,2.0,802.0
a66388556,brianyoung_,100.0,1,4.0,10.0,1506.0
a887356075,Tanisha_28,100.0,1,0.0,1.0,8.0
a384938750,RadioLarvin,100.0,1,2.0,6.0,712.0
a20999634,elivalene,100.0,1,2.0,8.0,1371.0
a2876738404,StudioAtNews,100.0,1,10.0,29.0,5120.0
a1524297307,BogieRichard,100.0,1,2.0,2.0,160.0
a1336719061,ChasMcNee,100.0,1,0.0,2.0,69.0
a221874929,LMortonRoche,100.0,1,4.0,17.0,2284.0
a1671613818,rossedgarrel,100.0,1,1.0,5.0,1247.0
a595428739,LadyLizRichford,100.0,1,0.0,3.0,273.0
a204046113,jimmy_buckland,100.0,1,10.0,13.0,2515.0
a467441924,c_scott75,100.0,1,33.0,22.0,4961.0
a398334563,Hoga5,100.0,1,0.0,1.0,800.0
a728463610737885186,Colin300184621,100.0,1,0.0,0.0,0.0
a144478864,suzyquiquero,100.0,1,3.0,14.0,2218.0
a23182530,pburrow,100.0,1,1.0,2.0,1092.0
a129167034,Hollycarystella,100.0,1,4.0,9.0,2022.0
a330862049,Rebekah_thehack,100.0,1,3.0,2.0,1143.0
a22104179,adamburkin,100.0,1,0.0,1.0,243.0
a10945502,frnkflp,100.0,1,20.0,22.0,6670.0
a19189339,adriankerr,100.0,1,57.0,42.0,14990.0
a137288990,almarlatour,100.0,1,247.0,114.0,45160.0
a485294549,AETVAustralia,100.0,1,5.0,5.0,1595.0
a317767834,pgtedwards,100.0,1,44.0,61.0,21330.0
a35459177,OfficalAnnette,100.0,1,0.0,0.0,0.0
a24510716,Megan_Palin,100.0,1,89.0,59.0,30218.0
a2468246322,BecFranks,100.0,1,59.0,90.0,29962.0
a28948433,lizeburke,100.0,1,158.0,112.0,54754.0
a839255064577359872,belinda_palmada,100.0,1,40.0,135.0,32776.0
a76842602,samanthamaiden,100.0,1,366.0,185.0,83782.0
a213170829,s_sharples,100.0,1,33.0,37.0,15255.0
a64707887,lauren_mcmah,100.0,1,55.0,53.0,21745.0
a378671944,meags_gray,100.0,1,9.0,40.0,12429.0
a22879155,EleniPaneras,100.0,1,56.0,50.0,25203.0
a575790764,Melissa_Overman,100.0,1,70.0,55.0,26666.0
a60499249,vic_nielsen,100.0,1,25.0,26.0,10737.0
a59660769,rachelbaxendale,100.0,1,201.0,163.0,66970.0
a44525259,jennamclarke,100.0,1,169.0,119.0,57826.0
a1078514070,lehmannatlarge,100.0,1,191.0,41.0,45294.0
a597251143,TroyBramston,100.0,1,155.0,51.0,44209.0
a285389267,brighetteryan,100.0,1,102.0,75.0,39006.0
a43797149,sophieelsworth,100.0,1,147.0,84.0,42904.0
a553213165,charliepeeled,100.0,1,90.0,60.0,27244.0
a44568300,scoopnewsworthy,100.0,1,68.0,73.0,31381.0
a1224151867,MackenzieJScott,100.0,1,42.0,46.0,20305.0
a199574885,PDGarvey,100.0,1,54.0,61.0,27593.0
a47748436,Adam_Creighton,100.0,1,0.0,0.0,0.0
a2336262456,DavidFMeagher,100.0,1,65.0,41.0,23829.0
a481561220,ejohnno,100.0,1,133.0,112.0,46839.0
a168981860,ellenwhinnett,100.0,1,175.0,48.0,44178.0
a968421406525472768,alexandraamidd,100.0,1,24.0,28.0,10057.0
a1114824048599392256,MilesProust,100.0,1,28.0,43.0,14436.0
a569994010,JustinBurtGT,100.0,1,40.0,42.0,15556.0
a1286557932377616384,oliviacondous,100.0,1,9.0,16.0,4496.0
a1670095646,suzandelibasic,100.0,1,67.0,83.0,30047.0
a22562629,LaurenHeraldSun,100.0,1,62.0,35.0,17368.0
a42600837,nick_wade,100.0,1,49.0,56.0,19125.0
a101394151,danfogarty80,100.0,1,39.0,64.0,20079.0
a249829650,benrileysmith,100.0,1,51.0,27.0,11420.0
a185528675,LettieThwaites,100.0,1,6.0,20.0,5707.0
a21165925,publicdefender,100.0,1,98.0,87.0,36896.0
a51739822,patricklion,100.0,1,129.0,87.0,41042.0
a47874155,jmodoh,100.0,1,146.0,89.0,48671.0
a361766872,zacjmclean,100.0,1,83.0,139.0,46776.0
a2600890236,MarissaGeorge01,100.0,1,22.0,37.0,10328.0
a581436082,JakeMcCallum_,100.0,1,57.0,71.0,28051.0
a3229491397,clarissa_bye,100.0,1,49.0,48.0,20174.0
a1451262622993551419,AngusKelleher,100.0,1,1.0,17.0,4992.0
a52327900,SharriMarkson,100.0,1,325.0,105.0,71028.0
a20977752,aclennell,100.0,1,209.0,121.0,61907.0
a326812883,skydavidblevins,100.0,1,25.0,9.0,6903.0
a19077924,EmilyPurser,100.0,1,23.0,29.0,9465.0
a884100974,Brendan_Furlong,100.0,1,9.0,19.0,7164.0
a154419191,annelisenews,100.0,1,115.0,56.0,37221.0
a1264343124,samanthachiari,100.0,1,44.0,24.0,13581.0
a911233681,eboyd_journo,100.0,1,37.0,36.0,16349.0
a22146373,SamCoatesSky,100.0,1,103.0,29.0,17778.0
a219868736,jaynieseal,100.0,1,92.0,37.0,22720.0
a877473916259893248,kthodgson_h,100.0,1,0.0,2.0,464.0
a252865041,Tim_Love,100.0,1,0.0,39.0,10097.0
a1232236164,_juliabradley,100.0,1,111.0,152.0,46989.0
a229059384,jonhilldesign,100.0,1,32.0,25.0,6820.0
a19540419,JackieStradling,100.0,1,11.0,26.0,3860.0
a19968074,kayaburgess,100.0,1,48.0,21.0,7431.0
a23314131,AlistairDawber,100.0,1,12.0,13.0,3369.0
a19358633,fletcherr,100.0,1,64.0,22.0,10661.0
a104601173,Johnsilva10,100.0,1,0.0,12.0,2308.0
a1659344041,TamsilShahezad,100.0,1,2.0,5.0,1079.0
a21390987,KennyFarq,100.0,1,19.0,38.0,7700.0
a356449173,AnnaTemkin,100.0,1,6.0,14.0,2383.0
a832923468,30LDN,100.0,1,1.0,11.0,2839.0
a327813346,MelindaHealy,100.0,1,38.0,70.0,21465.0
a476247750,EliziaVolkmann,100.0,1,0.0,7.0,1586.0
a962355051191824384,MauricioFCA_,100.0,1,0.0,2.0,151.0
a11269592,CarolLewis101,100.0,1,21.0,19.0,3593.0
a2361158644,JamesFlanderss,100.0,1,5.0,12.0,1147.0
a324963843,ArthurJEdwards,100.0,1,68.0,44.0,16684.0
a728339881,JournoDevs,100.0,1,14.0,18.0,3591.0
a189512552,JamesManning,100.0,1,62.0,47.0,13504.0
a398501441,OllieSun,100.0,1,31.0,45.0,8137.0
a761329241430560769,ed_southgate,100.0,1,7.0,21.0,2831.0
a326125935,SunMartinB,100.0,1,9.0,4.0,1815.0
a852358743123791874,SarahGrealish,100.0,1,8.0,21.0,3224.0
a1206134976,ThomasMackie9,100.0,1,8.0,19.0,2360.0
a14935465,PaulHood,100.0,1,6.0,11.0,2024.0
a21391144,headlineswriter,100.0,1,7.0,10.0,2027.0
a63499179,AJHalls,100.0,1,44.0,45.0,9199.0
a2371062738,ben__hill,100.0,1,12.0,49.0,14743.0
a3019176807,angelina_dinota,100.0,1,2.0,2.0,222.0
a1078872516859490304,CheyenneUbiera,100.0,1,5.0,5.0,398.0
a618561834,AdamStorer93,100.0,1,3.0,8.0,689.0
a96543578,katyshowbiz,100.0,1,16.0,19.0,2543.0
a14560487,PaulVale,100.0,1,25.0,39.0,6593.0
a112685126,NatalieEvans85,100.0,1,22.0,25.0,6148.0
a16814854,nicnguyen,100.0,1,47.0,31.0,12910.0
a22930185,rayalexsmith,100.0,1,68.0,56.0,18810.0
a3203314919,CaraRLombardo,100.0,1,85.0,46.0,19690.0
a415566272,RhiannonHoyle,100.0,1,74.0,73.0,27713.0
a2306063455,MeghanBobrowsky,100.0,1,40.0,41.0,14452.0
a744701407517777920,Based_Bruce_,100.0,1,0.0,1.0,800.0
a477441188,MerryDag,100.0,1,5.0,5.0,2247.0
a25553192,keithbcollins,100.0,1,47.0,99.0,22684.0
a252370778,miriamgottfried,100.0,1,118.0,56.0,27197.0
a8885922,donal888,100.0,1,74.0,39.0,18884.0
a5627542,newley,100.0,1,113.0,89.0,31717.0
a28420588,WSJBeckey,100.0,1,62.0,64.0,19849.0
a1934445217,jamesdleigh,100.0,1,17.0,38.0,8664.0
a22118428,EmExtra,100.0,1,0.0,10.0,2131.0
a551085238,AmyDMarcus,100.0,1,69.0,56.0,20998.0
a18601763,Amirmizroch,100.0,1,69.0,97.0,25122.0
a104402624,jennieeng,100.0,1,21.0,70.0,14467.0
a15005808,BenEisen,100.0,1,85.0,53.0,18823.0
a1401011942,Genuine24k,100.0,1,5.0,5.0,1221.0
a595613460,DamatoK,100.0,1,47.0,21.0,10945.0
a382232114,EricMorath,100.0,1,72.0,31.0,15997.0
a1577985655,mdbrillantes,100.0,1,21.0,29.0,9961.0
a576520788,Chris_Covello,100.0,1,36.0,31.0,10175.0
a81497957,cglancey,100.0,1,141.0,81.0,32146.0
a347939511,prabhanatarajan,100.0,1,63.0,28.0,14218.0
a14857801,asharma,100.0,1,132.0,31.0,24643.0
a149002880,joyuwang,100.0,1,48.0,46.0,15027.0
a14188906,BryFitz,100.0,1,127.0,70.0,28842.0
a100860790,DionNissenbaum,100.0,1,81.0,29.0,16889.0
a17265327,dannyyadron,100.0,1,72.0,35.0,17683.0
a19771382,JBFlint,100.0,1,151.0,37.0,26138.0
a83007401,KateMilani,100.0,1,60.0,31.0,13574.0
a379400344,KatyStech,100.0,1,96.0,101.0,27616.0
a284774490,BruceOrwall,100.0,1,137.0,65.0,28502.0
a30913882,alexfrangos,100.0,1,98.0,32.0,19055.0
a78524185,MarStreel,100.0,1,14.0,41.0,11318.0
a145216041,yumikoono,100.0,1,61.0,53.0,19514.0
a40254793,mikemillerwsj,100.0,1,147.0,42.0,25496.0
a23330603,jimwillhite,100.0,1,27.0,46.0,13825.0
a1038841076,natashakhanhk,100.0,1,74.0,102.0,27364.0
a218733924,BrianHershberg,100.0,1,96.0,67.0,23302.0
a1201772629,mfcommgr,100.0,1,3.0,2.0,1107.0
a83221847,ronwinslow,100.0,1,39.0,12.0,8163.0
a40548981,larryhman,100.0,1,0.0,15.0,2867.0
a222678761,AlastairGale,100.0,1,82.0,35.0,17670.0
a30011100,yarotrof,100.0,1,146.0,20.0,22934.0
a16301854,alyrose,100.0,1,56.0,35.0,13238.0
a59019225,philizzo,100.0,1,120.0,67.0,27387.0
a29374498,wallernikki,100.0,1,142.0,90.0,32195.0
a23840585,demetria_g,100.0,1,88.0,50.0,21945.0
a21687414,delaney,100.0,1,169.0,93.0,37421.0
a626515184,its_for_sale,100.0,1,6.0,98.0,14367.0
a236937830,karen_langley,100.0,1,19.0,21.0,5947.0
a77146337,sgurman,100.0,1,64.0,41.0,16719.0
a24967547,chriswhite001,100.0,1,6.0,4.0,1130.0
a2355457010,mich_fano,100.0,1,16.0,62.0,11625.0
a118134842,Will_Flannigan,100.0,1,10.0,23.0,6213.0
a69097428,HiMichelleMa,100.0,1,46.0,45.0,13292.0
a2746673056,ferlettuce,100.0,1,0.0,7.0,1657.0
a44470680,danacimilluca,100.0,1,120.0,47.0,23890.0
a22165254,helenhewitt,100.0,1,5.0,16.0,3972.0
a19070315,JoeWSJ,100.0,1,114.0,37.0,22734.0
a1056918746009341953,WSJatLarge,100.0,1,20.0,40.0,10723.0
a30893732,GRogow,100.0,1,180.0,183.0,48205.0
a39099460,richardnaz,100.0,1,13.0,31.0,7173.0
a590882184,JuliaClyne,100.0,1,1.0,2.0,1079.0
a244763541,kristina_oneill,100.0,1,0.0,12.0,3237.0
a576442522,david_marcelis,100.0,1,45.0,23.0,11637.0
a77596982,wadeNYC,100.0,1,113.0,111.0,31819.0
a18049798,kimlast,100.0,1,46.0,52.0,16413.0
a133869739,patrickhedlund,100.0,1,52.0,40.0,13205.0
a898115149,VeronicaDagher,100.0,1,64.0,37.0,14194.0
a77299847,JosieCox_London,100.0,1,49.0,46.0,15767.0
a14630644,jenniferhicks,100.0,1,102.0,73.0,26540.0
a81139048,grainnemcc,100.0,1,143.0,114.0,34709.0
a18380669,FrancisXRocca,100.0,1,61.0,39.0,14981.0
a595890990,garyrosenWSJ,100.0,1,100.0,24.0,18490.0
a21950141,g_nishiyama,100.0,1,33.0,35.0,11461.0
a13832182,GlennHall,100.0,1,101.0,79.0,27144.0
a376153291,johncbussey,100.0,1,129.0,39.0,24321.0
a740903,katerinareports,100.0,1,46.0,51.0,15748.0
a22663089,kshwiff,100.0,1,7.0,25.0,6884.0
a52814770,laurenweberWSJ,100.0,1,83.0,60.0,22186.0
a9176452,Nina_Trentmann,100.0,1,46.0,51.0,14506.0
a1887626690,MozesZarate,100.0,1,10.0,43.0,10757.0
a19069440,PhillipaLJ,100.0,1,75.0,45.0,18510.0
a347262368,paris_katie,100.0,1,0.0,11.0,2617.0
a55561796,EmmaTuckerST,100.0,1,119.0,22.0,18222.0
a381676809,alisawolfson,100.0,1,1.0,1.0,285.0
a31586525,ReporterLeslie,100.0,1,29.0,19.0,6030.0
a47456898,PFBoss,100.0,1,13.0,12.0,4097.0
a246989901,mktwrobs,100.0,1,24.0,40.0,10660.0
a48047418,mrtgr,100.0,1,30.0,47.0,13506.0
a167801862,embuford,100.0,1,0.0,3.0,605.0
a792290942,jessieyshi,100.0,1,6.0,21.0,3544.0
a23160812,pettitd,100.0,1,36.0,4.0,5949.0
a15463435,carletonenglish,100.0,1,42.0,37.0,11124.0
a1300525987419938816,IBD_EPlumb,100.0,1,0.0,0.0,0.0
a1133115307,PatrickDelany,100.0,1,57.0,10.0,12000.0
a179601934,Eric_Esteban,100.0,1,0.0,4.0,1246.0
a22838688,gavinflick,100.0,1,0.0,5.0,1315.0
a32688967,Pituti,100.0,1,0.0,0.0,0.0
a23981760,ChuckMc09,100.0,1,3.0,7.0,1597.0
a42162444,Jessica_Yates,100.0,1,22.0,6.0,5813.0
a22831953,zacfields,100.0,1,3.0,3.0,865.0
a224508030,ashacburns,100.0,1,17.0,19.0,9251.0
a15034931,idents,100.0,1,18.0,8.0,6435.0
a50486210,greggiangrande,100.0,1,16.0,25.0,6898.0
a79848384,Sherrod_Small,100.0,1,2.0,3.0,1377.0
a115569081,jmhendricks88,100.0,1,28.0,26.0,4407.0
a558194619,anahitaglitters,100.0,1,15.0,10.0,3120.0
a30810544,thomashinton,100.0,1,43.0,71.0,15226.0
a19450446,TorPants,100.0,1,4.0,12.0,3077.0
a27098063,LoisWeiss,100.0,1,22.0,30.0,5427.0
a264779962,M_Spas_,100.0,1,16.0,30.0,9047.0
a935635807,isareport,100.0,1,19.0,24.0,4781.0
a1962367513,KaufmanDavidNYC,100.0,1,12.0,10.0,3139.0
a807891774,msullivandawson,100.0,1,24.0,28.0,5594.0
a3738091,wjcohen,100.0,1,25.0,41.0,6713.0
a37669435,AndrewMarchand,100.0,1,23.0,14.0,5761.0
a761163,conrad,100.0,1,0.0,21.0,3794.0
a2275680987,_EvelynCordon,100.0,1,6.0,26.0,3514.0
a20117313,philcorso,100.0,1,11.0,23.0,4620.0
a25466881,desireemurphy_,100.0,1,4.0,2.0,364.0
a1180301,unclegrambo,100.0,1,37.0,29.0,7400.0
a61105343,neilwrites,100.0,1,181.0,134.0,56269.0
a1675174068,bmpdoyle,100.0,1,15.0,21.0,6638.0
a121858496,lousetooney,100.0,1,30.0,50.0,10936.0
a252775305,JohnMatthewHall,100.0,1,35.0,46.0,10559.0
a400610465,oli_kerry,100.0,1,6.0,9.0,2749.0
a58872483,RoryLarmer,100.0,1,15.0,24.0,5627.0
a39066077,RobMcD,100.0,1,30.0,44.0,11918.0
a2611538324,ddoctorow,100.0,1,1.0,1.0,240.0
a1183607654066769920,haannahdavies,100.0,1,4.0,6.0,1692.0
a2250982075,keithjwoods,100.0,1,11.0,16.0,5481.0
a117703944,Kathleenskene,100.0,1,51.0,49.0,19611.0
a523948425,RaeWilson78,100.0,1,57.0,69.0,24207.0
a521079228,LachieHastings,100.0,1,0.0,29.0,5524.0
a288765950,MadeStuchbery,100.0,1,23.0,41.0,12690.0
a37029298,chaughney,100.0,2,29.0,33.0,12218.0
a894305756,ElissaDoherty,100.0,2,72.0,53.0,23585.0
a132699577,jakmcintyre,100.0,2,8.0,17.0,5324.0
a265041723,EdgannonWtn,100.0,2,39.0,28.0,15960.0
a213869592,zoe_powell_,100.0,2,40.0,57.0,19137.0
a299644774,harrytclarke,100.0,2,79.0,86.0,28504.0
a244984652,GFuchsberg,100.0,2,12.0,31.0,8853.0
a2744356621,hollieaadams,100.0,2,51.0,50.0,24367.0
a923894380687183875,saschaosullivan,100.0,2,67.0,92.0,32640.0
a121037093,KirstanRoss,100.0,2,19.0,29.0,9807.0
a21019635,theselbs,100.0,2,30.0,26.0,5042.0
a193852308,Ben_Woods01,100.0,2,5.0,15.0,3592.0
a101728886,JessicaRCL,100.0,2,24.0,34.0,7771.0
a208250069,benwhitelaw,100.0,2,57.0,39.0,12618.0
a20997215,MGilbert,100.0,2,8.0,12.0,2016.0
a799141988511584256,decodethefirm,100.0,2,12.0,14.0,4212.0
a37095297,MsKimberlyChin,100.0,2,25.0,38.0,11291.0
a716748787876802560,alexa_stjohn,100.0,2,8.0,26.0,4870.0
a23567403,grawlixprolix,100.0,2,99.0,54.0,26161.0
a475584717,shellyscheng,100.0,2,8.0,24.0,6179.0
a126551155,WillMHDavies,100.0,2,46.0,28.0,11952.0
a9692022,lheron,100.0,2,202.0,54.0,35886.0
a16615822,Sital,100.0,2,20.0,28.0,10134.0
a258374854,dbcurren,100.0,2,23.0,30.0,8771.0
a17703236,dumav,100.0,2,95.0,85.0,26184.0
a150147459,hj257,100.0,2,21.0,28.0,8071.0
a89843524,AlejandroLazo,100.0,2,57.0,51.0,15436.0
a719309366608855040,alex_siegman,100.0,2,25.0,89.0,16801.0
a137466464,feliciasonmez,100.0,2,101.0,71.0,27022.0
a288668776,pgeitner2,100.0,2,44.0,35.0,12685.0
a37721930,AlanZibel,100.0,2,37.0,47.0,13908.0
a374599530,RosenthalRC,100.0,2,72.0,87.0,24661.0
a283896486,BeckThurlow,100.0,2,34.0,47.0,15748.0
a19653113,himeshp,100.0,2,39.0,40.0,12962.0
a598818721,RBlumenstein,100.0,2,227.0,81.0,41741.0
a15016886,JaxBischof,100.0,2,44.0,50.0,14268.0
a224653925,ruthyberlin,100.0,2,44.0,15.0,8238.0
a76773876,antontroian,100.0,2,111.0,34.0,22301.0
a14115912,ShiraOvide,100.0,2,156.0,75.0,31745.0
a5845492,tomgara,100.0,2,121.0,31.0,25380.0
a26597472,echasan,100.0,2,75.0,81.0,23756.0
a26285079,murraymatt,100.0,2,0.0,42.0,8391.0
a12648652,brianaguilar,100.0,2,93.0,49.0,21139.0
a74338116,YueJiang,100.0,2,1.0,13.0,3428.0
a21678326,Ellieomahoney,100.0,2,15.0,4.0,2244.0
a2188517323,rcm_nyc,100.0,2,6.0,11.0,2764.0
a828916395920338944,NaomiShivaraman,100.0,2,48.0,47.0,19733.0
a55159850,ShaneARaymond,100.0,2,17.0,24.0,5052.0
a17316885,DavidClinchNews,100.0,2,181.0,278.0,63165.0
a125995957,LauraByrneStory,100.0,2,31.0,48.0,12602.0
a25168077,padrg,100.0,2,36.0,52.0,13551.0
a2832694608,estherswchan,100.0,2,39.0,60.0,18726.0
a24675863,cathieschnitz,92.73,3,1.0,57.0,11900.0
a16218084,timburrowes,90.0,3,14.0,347.0,51248.0
a2276817680,heatherlmcnab,61.29,3,53.0,106.0,36534.0
a20353301,sam_lec,90.0,3,23.0,37.0,14327.0
a1873247323,nickj_vic,59.54,3,37.0,57.0,20729.0
a140219613,skubesnaps,90.0,3,26.0,36.0,11879.0
a1369035211,cvbyllaardt,90.0,3,43.0,71.0,27884.0
a55219159,edwina_b,23.05,3,169.0,96.0,51999.0
a309037030,DiRollePR,25.61,3,40.0,87.0,28343.0
a1432576915,RosieKingJourno,32.52,3,47.0,71.0,25046.0
a2496229453,emritchiewrites,90.0,3,90.0,87.0,38492.0
a883426626,MichaelRoddan,90.0,3,194.0,130.0,61862.0
a70105352,andrea_carson,18.1,3,35.0,38.0,16648.0
a143991182,darrenwick9,90.0,3,145.0,122.0,52456.0
a188236063,lanai_scarr,90.0,3,177.0,167.0,68076.0
a21546075,timaddington,65.99,3,16.0,30.0,10958.0
a2186207924,JacquiLambie,20.08,3,158.0,20.0,33519.0
a205965649,sarafischer,48.4,3,138.0,71.0,28221.0
a2592733051,cpyne,35.22,3,179.0,57.0,43034.0
a113151500,SimonRyan7,36.85,3,17.0,11.0,6828.0
a20118552,tauerbach,90.0,3,110.0,127.0,50299.0
a21066199,CameronBell,90.0,3,12.0,19.0,7530.0
a284454554,dakeroyd,33.31,3,28.0,42.0,11769.0
a2730002037,LauraPettitt29,17.88,3,5.0,6.0,525.0
a753682728915132417,sophiej_bailey,31.37,3,25.0,35.0,13760.0
a2897956332,GregStolzJourno,90.0,3,96.0,37.0,20804.0
a343755621,Anita_Jacoby,34.17,3,86.0,53.0,31369.0
a284990645,TheRealJessLeo,68.93,3,61.0,39.0,17643.0
a827680841492860932,_Amber_Harrison,30.53,3,57.0,23.0,18988.0
a15115254,pratiba,27.75,3,6.0,8.0,2261.0
a187451636,antonrosetweet,90.0,3,67.0,98.0,30886.0
a3520505839,evonne_madden,27.25,3,9.0,21.0,6630.0
a1152050220,_carlywaters,24.79,3,22.0,53.0,16452.0
a2556631525,purcellpw,90.0,3,74.0,139.0,41484.0
a182635520,Ozartwriter,75.82,3,63.0,62.0,25733.0
a423834478,WLudbey,18.09,3,71.0,87.0,27950.0
a82487120,dstanno,28.91,3,34.0,37.0,8687.0
a68842072,ErinLMarie,22.87,3,31.0,37.0,13005.0
a216983956,Birch1969,24.83,3,12.0,20.0,3522.0
a25061273,chrisqu,52.28,3,23.0,46.0,13563.0
a115253261,james_wagstaff,23.72,3,52.0,50.0,22266.0
a322283998,Tony__Phillips,26.98,3,6.0,5.0,3352.0
a26682924,maxmarkson,34.98,3,120.0,115.0,43138.0
a1297091060,alicepohlner,22.69,3,21.0,37.0,10682.0
a2757940289,CPaccosi,28.72,3,5.0,15.0,3124.0
a349611488,janellehmiles,31.86,3,69.0,70.0,23682.0
a31656431,RyanNorthover,90.0,3,98.0,155.0,47144.0
a281027602,patkeam,24.5,3,20.0,20.0,5490.0
a35373316,_MicrowaveJenny,81.2,3,68.0,62.0,26008.0
a34206132,_leo_s,90.0,3,198.0,100.0,54056.0
a72223401,KathSully,27.49,3,83.0,70.0,32843.0
a1622171394,Nasion21,53.58,3,21.0,38.0,10647.0
a623492587,shayalaughlin,39.86,3,35.0,20.0,11717.0
a2150122476,Anna_Hartley1,18.91,3,48.0,90.0,24290.0
a399524726,tgeenj,20.98,3,8.0,15.0,2657.0
a505540026,gem_sutherland,34.64,3,21.0,8.0,6473.0
a178552546,EJHartmanCA,19.4,3,18.0,46.0,13001.0
a21628821,lewiss50,80.57,3,129.0,164.0,56690.0
a3910162092,Morgs501,29.68,3,13.0,13.0,4031.0
a726379555565375489,AngiraB_,90.0,3,67.0,65.0,27674.0
a50542159,jpillet,39.89,3,12.0,18.0,6177.0
a550847452,kennedyawards,90.0,3,114.0,111.0,43347.0
a339902020,angejameson,23.71,3,11.0,23.0,4375.0
a1959923521,DaniLeMessurier,90.0,3,73.0,103.0,38781.0
a84242867,tomdynasty,30.87,3,12.0,42.0,8629.0
a14383914,nikkprecel,47.65,3,49.0,54.0,21969.0
a257333186,reggiephoto,22.42,3,16.0,31.0,8516.0
a4265107032,naveenjrazik,22.12,3,64.0,71.0,28989.0
a15502227,clivedickens,22.85,3,40.0,32.0,12816.0
a19799365,PatrickWilliams,39.73,3,67.0,73.0,26148.0
a1301328822,benjaminshull,20.62,3,11.0,42.0,10061.0
a276927672,kj_corcoran,18.99,3,17.0,34.0,8312.0
a603911791,RedcliffeGirl,35.03,3,20.0,19.0,5799.0
a233095365,frankrusso85,73.97,3,35.0,63.0,17532.0
a300870570,melissameehanau,87.22,3,66.0,87.0,30410.0
a3107973745,Mumbrellanews,92.88,3,149.0,38.0,32558.0
a19332121,kirstenaiken,27.57,3,85.0,69.0,36965.0
a23866037,kilomikemedia,25.07,3,25.0,41.0,14605.0
a453671929,KaitlynOffer,56.84,3,107.0,53.0,33262.0
a168918026,Johnkehoe23,47.14,3,107.0,17.0,26197.0
a34585085,porsupuesto,33.37,3,13.0,36.0,5986.0
a9247312,fannick,20.98,3,11.0,20.0,5384.0
a316746161,ElaineLCarroll,30.73,3,17.0,22.0,4827.0
a59356914,charliemurdoch,81.66,3,16.0,20.0,8352.0
a331489843,clairemnance,57.13,3,22.0,36.0,11314.0
a235138487,Kellbpics,31.76,3,21.0,27.0,8272.0
a154128907,cathwebber,90.0,3,203.0,221.0,70685.0
a2751969270,sarah_daffy,90.0,3,40.0,72.0,23451.0
a57183016,NicBerko,90.0,3,100.0,120.0,48609.0
a2302918244,TiserJo,90.0,3,24.0,23.0,9959.0
a21741803,paulstarick,39.93,3,70.0,35.0,21606.0
a7495502,bonniebbj,24.71,3,16.0,19.0,4377.0
a780764108,Itjverschuren,66.87,3,24.0,31.0,8498.0
a12715722,arturmartins,20.35,3,11.0,10.0,2254.0
a165700830,dwabriz,40.99,3,159.0,94.0,47763.0
a25027859,RobinParkes,45.74,3,31.0,36.0,13980.0
a37340599,evadou,18.54,3,80.0,39.0,18424.0
a223360304,Maxepmason,90.0,3,131.0,97.0,44792.0
a81105542,ChadRachman,17.59,3,15.0,8.0,3945.0
a37916253,elizabethredman,43.8,3,77.0,99.0,39764.0
a21926199,LukeDennehy,71.07,3,165.0,138.0,57173.0
a21152735,loulouboo,49.66,3,8.0,16.0,5987.0
a125873546,stefaniebalogh,79.96,3,90.0,66.0,32118.0
a418476917,dunlop_craig,90.0,3,54.0,66.0,24454.0
a7433772,emilysteel,57.16,3,174.0,64.0,34886.0
a536232865,DylRobinson,41.28,3,47.0,13.0,13309.0
a148891886,KyBusiness,22.64,3,74.0,104.0,37351.0
a834534655,WillCrouch9,29.94,3,43.0,60.0,17137.0
a897259333,TamOppen,90.0,3,15.0,27.0,9836.0
a2771876046,lisaknowsmoney,16.99,3,15.0,39.0,11423.0
a40658936,vincesoodin,23.7,3,14.0,13.0,2491.0
a484570953,_SarahMcPhee,90.0,3,124.0,139.0,50816.0
a601040431,MartinFHinton,23.93,3,10.0,44.0,10872.0
a18932525,mattsmithson,72.4,3,74.0,110.0,39192.0
a190404312,DaisyDunlop,90.0,3,28.0,45.0,12605.0
a2573887020,GeorgiClelland,90.0,3,8.0,13.0,2577.0
a252515824,SamEBJones,90.0,3,104.0,120.0,47706.0
a84750011,AngusTaylorMP,19.71,3,91.0,43.0,30584.0
a1021315897095409664,KF_Wright,23.13,3,10.0,32.0,8155.0
a952699794522234881,AndreasNicola97,90.0,3,20.0,24.0,6702.0
a301773681,fergusonjw,90.0,3,135.0,76.0,43435.0
a335538600,BowlerDerek,24.19,3,108.0,46.0,20973.0
a2605756915,tblakesydney,37.98,3,11.0,53.0,15689.0
a20749230,KerryParnell,90.0,3,59.0,22.0,16250.0
a1481586912964247553,TaylaCouacaud,90.0,3,6.0,6.0,1108.0
a424049818,latkinson09,19.72,3,8.0,60.0,15798.0
a1161135478352928769,media_brittany,36.97,3,10.0,13.0,4090.0
a232161889,gpaddymanning,30.67,3,113.0,74.0,40143.0
a711245654,Elsa_Mak,90.0,3,12.0,26.0,7460.0
a15699715,debritz,29.31,3,55.0,65.0,23807.0
a426259861,JasonBartlett3,49.04,3,34.0,70.0,23056.0
a603128876,joshkuskopf,28.16,3,15.0,49.0,13451.0
a1052099707076395009,BrittHiggins_,20.62,3,172.0,56.0,42416.0
a1119928966188392449,dixie_sulda,49.89,3,30.0,38.0,12114.0
a1290799163060314112,rhiandeutrom,90.0,3,43.0,102.0,27204.0
a1683144817,rachbaxter7,28.17,3,38.0,60.0,20911.0
a24272400,Rencastello,67.82,3,46.0,34.0,13307.0
a881268452,CelesteVillani,22.09,3,31.0,49.0,13505.0
a142542853,Jacquifelgate,63.88,3,103.0,85.0,37829.0
a20568173,jacobgreber,95.15,3,111.0,49.0,33963.0
a17285408,paulwallbank,26.19,3,45.0,21.0,12339.0
a979585754,tarakcassidy,22.02,3,32.0,23.0,10170.0
a850662580339093505,Brig_OBrien,26.07,3,18.0,14.0,5841.0
a14732357,Peter_F_Ryan,51.86,3,129.0,92.0,44016.0
a35621989,anniewinberry,29.63,3,11.0,13.0,3845.0
a3038539938,Satria_Dyer_D,95.09,3,15.0,54.0,12070.0
a555515467,channelclem,42.26,3,48.0,63.0,21769.0
a3094579418,bessie_hassan,31.54,3,40.0,122.0,30477.0
a26329367,candacejackson,37.12,3,66.0,45.0,17848.0
a2339827555,Laura_R_Chung,32.12,3,61.0,71.0,29607.0
a347054017,KelvinHealey,90.0,3,83.0,16.0,18619.0
a5576462,ordnung,49.11,3,24.0,22.0,7323.0
a990751187841396737,ashpillhofer,87.83,3,43.0,67.0,22102.0
a78533257,mrjoeaston,56.52,3,206.0,59.0,49185.0
a2840911399,JLambella,24.2,3,13.0,27.0,7858.0
a14944735,ViscountBrooky,90.0,3,221.0,177.0,70069.0
a52007137,AliceHeraldSun,60.22,3,97.0,73.0,34748.0
a18597158,Val61,19.92,3,36.0,39.0,11111.0
a24599275,chloebooker,29.95,3,60.0,61.0,28093.0
a2921299014,ZakSimmonds,57.37,3,29.0,28.0,10289.0
a51361446,JorjaJayne,26.15,3,33.0,50.0,13545.0
a2882863280,hunterphoto_,90.0,3,45.0,34.0,15322.0
a322417319,vanessaleemarsh,90.0,3,65.0,41.0,19131.0
a2372989057,StuRossMartin,35.97,3,5.0,12.0,1946.0
a2213267923,D_JervisBardy,49.91,3,64.0,51.0,21872.0
a44103170,ameliaharris1,93.28,3,70.0,76.0,30025.0
a176271489,BennDorrington,16.87,3,22.0,44.0,14971.0
a1592795264,becstar3079,97.46,3,5.0,7.0,2198.0
a188265344,CE_Zielinski,25.74,3,36.0,56.0,20220.0
a1226654641,rlangjournalist,90.0,3,50.0,83.0,25023.0
a237133350,judithmaizey,21.8,3,20.0,27.0,7428.0
a26869287,tomdfonzo,90.0,3,77.0,58.0,20333.0
a1252657417,GenFaulkner,24.92,3,18.0,31.0,8778.0
a170905926,Dean_Nye,56.1,3,102.0,68.0,35088.0
a14469461,JessicaSimeone,29.77,3,33.0,42.0,11298.0
a21263398,MonikaJansch,90.0,3,15.0,14.0,5363.0
a40572050,bradcfeldman,90.0,3,30.0,44.0,9765.0
a165005207,ShonaMartyn,18.26,3,37.0,23.0,14569.0
a46006314,AlexTilbury,90.0,3,69.0,89.0,25384.0
a261445997,SeanMarsico,33.84,3,40.0,94.0,29150.0
a461489339,VanneckKatie,90.0,3,90.0,47.0,17957.0
a356017534,TSWestbrook,71.29,3,52.0,112.0,34228.0
a2471679691,MelStevens,90.0,3,70.0,70.0,28228.0
a26936335,Chloebugelly,23.55,3,60.0,21.0,17851.0
a342415381,Rach_Riley,59.26,3,63.0,35.0,17838.0
a125505097,mirandaleigh90,90.0,3,102.0,110.0,42870.0
a1887864062,KavanaghSuzanne,84.92,3,17.0,21.0,4466.0
a1130115050,JessRapana,90.0,3,64.0,77.0,31301.0
a235133746,BrettMasonNews,96.67,3,226.0,278.0,83806.0
a2462731542,ChristianTatman,39.98,3,26.0,38.0,11804.0
a33811563,MayneReport,50.09,3,233.0,210.0,75384.0
a70874236,Boel84,90.0,3,55.0,63.0,23035.0
a254981489,adamphotos,71.58,3,26.0,12.0,5807.0
a183009668,DannyCollins89,17.05,3,13.0,22.0,4901.0
a57465348,nancyhannigan,30.21,3,6.0,13.0,5160.0
a233687955,SkipperAust,63.05,3,59.0,51.0,18337.0
a19575070,JournLaw,18.57,3,52.0,35.0,17926.0
a20310937,dominicyoung,17.14,3,13.0,30.0,6714.0
a237240870,Fhamiltontimes,21.18,3,66.0,27.0,15316.0
a1921854379,mirandamwood,90.0,3,74.0,60.0,26944.0
a754730876,mitchneems,65.6,3,53.0,75.0,29122.0
a47916513,alanhhunter,90.0,3,48.0,30.0,9561.0
a1521064447,rowemich,37.53,3,10.0,15.0,5209.0
a20730127,ThomasDougherty,17.8,3,20.0,33.0,10987.0
a54826289,michaelbodey,90.0,3,140.0,100.0,45846.0
a22123727,mscott,42.62,3,326.0,60.0,58084.0
a25657285,amosaikman,90.0,3,73.0,57.0,27348.0
a374356748,connortryan,90.0,3,63.0,59.0,15849.0
a53194975,derrickcrowley,61.66,3,7.0,9.0,2245.0
a64429213,helcollier,46.3,3,4.0,10.0,2592.0
a293962171,Mel_Matheson,90.0,3,110.0,88.0,37760.0
a214312348,derrickbryson,78.72,3,22.0,18.0,3734.0
a2448308144,kel_robinson1,90.0,3,19.0,24.0,7883.0
a456425645,RenataGortan,90.0,3,70.0,117.0,35055.0
a18717981,adaromas,90.0,3,39.0,64.0,17150.0
a44793647,remystern,90.0,3,54.0,60.0,14691.0
a25297301,workmanalice,57.01,3,264.0,138.0,71933.0
a227946131,lesleyhn,89.49,3,41.0,38.0,11732.0
a305999776,gcumming_atCM,17.52,3,32.0,27.0,9789.0
a127804118,Dan_Bourchier,19.52,3,81.0,46.0,26720.0
a488197698,ReshniRatnam,29.16,3,37.0,38.0,9701.0
a260529993,AnthDeCeglie,90.0,3,196.0,133.0,58435.0
a1177551703,tanyaksmart,64.26,3,19.0,38.0,12280.0
a288182463,jaclynkessel,28.45,3,9.0,8.0,1969.0
a60022825,nicchristensen,90.0,3,261.0,183.0,77289.0
a2597252118,LydiaKellner,29.78,3,30.0,28.0,9033.0
a355795765,victoria_craw,90.0,3,99.0,89.0,37427.0
a143682584,MattConnellan,30.68,3,51.0,57.0,23541.0
a12915,angusf,90.0,3,21.0,29.0,5104.0
a625985237,JournoLawJ,90.0,3,183.0,153.0,63301.0
a15141072,kristoforlawson,61.93,3,67.0,117.0,34443.0
a710547427,Paola_picc,20.31,3,15.0,5.0,4793.0
a14707794,mjrowland68,48.92,3,292.0,105.0,67066.0
a338799163,RobbieP7,90.0,3,73.0,82.0,29457.0
a190941998,Morgs_Kopittke,17.23,3,12.0,14.0,5159.0
a4884931,Stittr,90.0,3,11.0,22.0,4965.0
a51398350,HMMG_,17.16,3,25.0,12.0,6752.0
a31463280,n1kkimac,20.04,3,10.0,19.0,4737.0
a48026150,ivabenson,90.0,3,4.0,15.0,3442.0
a352893059,MattYoung,90.0,3,145.0,138.0,52508.0
a206903379,AndreGrimaux,90.0,3,73.0,82.0,25411.0
a43014672,TrueLifeOfBrian,47.4,3,41.0,50.0,16444.0
a20064637,spen074,90.0,3,10.0,18.0,3461.0
a24095073,murphymiranda,90.0,3,93.0,72.0,36992.0
a2360181649,julestullberg,90.0,3,37.0,129.0,30903.0
a109234928,Andrew_Denney,58.47,3,91.0,61.0,31302.0
a394657633,DomWhiteSydney,42.93,3,57.0,27.0,17988.0
a18973190,nichopkins,90.0,3,99.0,60.0,34648.0
a21122250,RadioGavin1,29.35,3,15.0,27.0,7338.0
a521954593,BelindaWillis,24.5,3,29.0,23.0,8550.0
a123760342,BecBrownComms,63.58,3,57.0,114.0,34044.0
a23703061,NewsManAndy,25.81,3,23.0,26.0,4281.0
a2365486069,Mrskayjimi,80.24,3,19.0,24.0,11650.0
a397870753,datatheism,34.09,3,55.0,39.0,12576.0
a347592110,NassimKhadem,16.84,3,93.0,103.0,40682.0
a92902623,clairekimball,97.09,3,39.0,35.0,20175.0
a259978306,DwayneBirtles,28.12,3,5.0,11.0,4075.0
a267401071,lizdeegan,90.0,3,40.0,66.0,24315.0
a377790572,RashellHa,90.0,3,102.0,49.0,29691.0
a52715438,aogriffiths,26.2,3,11.0,24.0,3596.0
a431907614,FrancescaDonner,67.83,3,71.0,70.0,23328.0
a1046659700,ByEichler,29.48,3,50.0,129.0,32048.0
a392603621,MrJChancellor,25.7,3,38.0,34.0,15169.0
a266238875,amydale_tweets,90.0,3,134.0,114.0,52565.0
a26838434,Aoife_Lawlor,18.51,3,21.0,23.0,6366.0
a271113345,AlexESampson,46.03,3,48.0,110.0,28694.0
a21879358,NYTLiz,31.31,3,78.0,82.0,27347.0
a22340494,Jesps,30.87,3,7.0,29.0,6935.0
a14563824,lmoses,20.67,3,44.0,24.0,10922.0
a151140821,DowJones,35.46,3,185.0,58.0,28795.0
a66198455,tracycorrigan,90.0,3,106.0,69.0,26946.0
a120241668,byrnelouise,90.0,3,22.0,26.0,7279.0
a163024504,AineKerr,28.65,3,89.0,79.0,26601.0
a14115508,petren,77.7,3,57.0,48.0,14792.0
a7017832,tonyjbyrne,77.09,3,25.0,33.0,7865.0
a382752706,BrianKieran,19.88,3,17.0,47.0,9519.0
a1633696110,KevinMcDIRE,17.45,3,14.0,18.0,5155.0
a329505766,_susan_liu,94.65,3,21.0,33.0,11226.0
a26460562,katie_robertson,90.0,3,149.0,98.0,47818.0
a190318706,norabarak,83.1,3,46.0,29.0,7187.0
a318452742,KristinFinnegan,18.2,3,8.0,28.0,6052.0
a169627201,susan_copperman,90.0,3,19.0,31.0,10492.0
a82760324,NickCalacouras,90.0,3,75.0,66.0,29716.0
a21348764,TomRichardson,18.17,3,74.0,134.0,39276.0
a35690142,annikasmethurst,86.42,3,250.0,114.0,64206.0
a554600140,anna_russell,18.68,3,35.0,32.0,12022.0
a147869440,fitzhunter,27.31,3,133.0,71.0,42037.0
a23421574,sarahelks,90.0,3,135.0,73.0,40605.0
a1228692632,Michael_Basso,90.0,3,8.0,42.0,6620.0
a1414208982,fredvandy,90.0,3,4.0,5.0,1130.0
a569754291,MargaretGees,41.65,3,34.0,65.0,21216.0
a264618255,katiehommes,18.82,3,13.0,22.0,5416.0
a364658624,Magda_Griffiths,26.01,3,14.0,16.0,3521.0
a46179233,MegJamesLAT,18.95,3,44.0,42.0,15484.0
a349859290,leshinton,90.0,3,173.0,65.0,38085.0
a14521106,larasinclair,90.0,3,118.0,50.0,31347.0
a132403875,rob_mcknight,62.14,3,121.0,74.0,40869.0
a229626946,P_Whittee,23.98,3,6.0,30.0,10555.0
a50314435,harry_haydon,24.68,3,12.0,22.0,4853.0
a271143276,saumvaish,50.53,3,55.0,50.0,15314.0
a15437783,aashchandarana,90.0,3,27.0,35.0,7796.0
a157447833,rvd1980,33.76,3,11.0,24.0,7577.0
a92482767,1310greg,50.3,3,15.0,23.0,8618.0
a133585609,LyndalFenner,47.15,3,6.0,44.0,10910.0
a93717330,DigitalMediaBoy,23.81,3,39.0,102.0,30480.0
a248498225,AndrewFraserQLD,18.59,3,50.0,49.0,18852.0
a347956818,AnushaCU,23.28,3,18.0,40.0,11358.0
a318170746,Nic_Coxy,35.73,3,31.0,64.0,20026.0
a71153413,AndersonLyesh,29.47,3,15.0,14.0,7195.0
a7146412,GlennStanaway,90.66,3,18.0,53.0,17103.0
a33992890,paulwsj,90.0,3,187.0,104.0,39894.0
a76824894,mike_d_spector,90.0,3,80.0,56.0,21930.0
a159113251,vanessashuster,56.53,3,18.0,27.0,8824.0
a126580501,JGRitson,43.75,3,17.0,30.0,10282.0
a102539046,TVLandLis,83.17,3,65.0,88.0,32750.0
a15469101,EvelynRusli,20.49,3,82.0,35.0,17166.0
a365171323,gemoo4,57.61,3,71.0,81.0,33610.0
a19006689,joelgibson,68.23,3,42.0,69.0,26517.0
a92874830,samanthahawley,26.38,3,117.0,28.0,31614.0
a240098477,helenmccombie,27.53,3,23.0,56.0,18388.0
a368563306,12mgray,42.93,3,18.0,17.0,4517.0
a20792556,emilycoen,16.79,3,9.0,13.0,2633.0
a181871253,teela_j,79.55,3,29.0,30.0,8127.0
a23145378,geoffreyfowler,44.54,3,156.0,103.0,36674.0
a1400552244,kentd_13,88.86,3,8.0,5.0,1342.0
a19983463,ryansabey,21.5,3,34.0,45.0,8020.0
a246186918,Rashidajourno,26.27,3,114.0,86.0,43835.0
a14636132,lightningdb,22.74,3,19.0,24.0,4865.0
a16213782,ScotTheLot,50.86,3,26.0,25.0,4582.0
a20209061,tradav,18.65,3,19.0,8.0,4027.0
a745919474,jailangriffiths,19.82,3,17.0,19.0,5573.0
a93551663,joseerose616,90.0,3,68.0,49.0,18632.0
a325520393,Nicole_Lundeen,44.12,3,14.0,33.0,9790.0
a19003688,JyeMurray,17.38,3,6.0,24.0,5131.0
a488836063,davidhurleyHS,90.0,3,129.0,117.0,44210.0
a18602666,RachelARich,21.07,3,49.0,49.0,11634.0
a16661861,benkimber,25.28,3,33.0,41.0,14997.0
a29911868,Joecapp11,42.97,3,14.0,17.0,4741.0
a352523567,jasmalat,48.54,3,17.0,8.0,2599.0
a51841455,raminbeheshti1,90.0,3,44.0,47.0,10453.0
a17617367,davedins,90.0,3,84.0,21.0,12527.0
a14160917,jarrardcole,90.0,3,98.0,63.0,24329.0
a16556611,sejbrowning,29.91,3,16.0,14.0,7060.0
a36382502,johnjedwards3,90.0,3,95.0,125.0,31537.0
a350156378,MazoeFord,37.02,3,77.0,56.0,31332.0
a5760702,samanthabrett,35.02,3,98.0,82.0,36271.0
a366527073,SarahbaxterSTM,31.85,3,59.0,34.0,11003.0
a18265545,will_ock,19.3,3,49.0,12.0,14136.0
a20792871,AndySnell,52.39,3,25.0,30.0,6866.0
a15797153,kbeddoe,43.82,3,27.0,55.0,18425.0
a8475532,sdkstl,21.64,3,56.0,41.0,15529.0
a14992263,RichLightShed,90.0,3,82.0,36.0,15829.0
a16099291,JasonHirschhorn,85.84,3,88.0,49.0,17711.0
a805276508,gabbystern,90.0,3,179.0,151.0,43403.0
a19606505,danpbell,90.0,3,7.0,13.0,2764.0
a8584,Megan,34.42,3,49.0,35.0,14719.0
a16336095,MaryLuDC,90.0,3,55.0,39.0,16332.0
a119714092,Storyful,71.46,3,260.0,148.0,53155.0
a14923268,claireatki,89.8,3,114.0,106.0,29844.0
a150656075,PE_Feeds,18.7,3,14.0,42.0,8743.0
a240682562,chrisduncania,90.0,3,75.0,55.0,15781.0
a17816699,Jonnelle,90.0,3,51.0,61.0,16685.0
a14515799,brianstelter,97.42,3,323.0,48.0,46986.0
a21788515,Nravitz,90.0,3,195.0,41.0,36490.0
a1465161,everyplace,56.25,3,26.0,23.0,7984.0
a36047098,davidmwessel,26.91,3,146.0,19.0,25593.0
a4547141,psmith,25.21,3,57.0,32.0,12199.0
a19787735,A_Grossman,80.71,3,66.0,41.0,18519.0
a31077006,msmarto,37.11,3,175.0,112.0,56266.0
a54468759,farmerhasawife,18.51,3,25.0,51.0,16117.0
a23016794,KylieMerritt,90.0,3,82.0,71.0,34339.0
a388176385,jpmoloney,34.15,3,43.0,32.0,18348.0
a37881687,MarkDiStef,60.78,3,339.0,78.0,63712.0
a406442185,LachCartwright,75.08,3,97.0,86.0,33934.0
a50324367,_IainMartin,92.27,3,67.0,83.0,25189.0
a14845066,emmafultonlee,90.0,3,20.0,22.0,4563.0
a43440592,katedobbinuk,90.0,3,35.0,46.0,14237.0
a16399949,felixsalmon,27.75,3,173.0,23.0,27113.0
a1014328210538954752,yJimJia,56.09,3,0.0,169.0,32721.0
a713360769602207744,WomenAtDJ,48.26,3,0.0,107.0,12849.0
a3040894993,landreasson1,44.78,3,0.0,103.0,16959.0
a825534744377040897,Jackcsupernews,44.35,3,0.0,101.0,15714.0
a264746388,JacksonStiles,42.61,3,0.0,195.0,35507.0
a23693547,motioncore,41.74,3,0.0,93.0,14081.0
a704797170503852032,deepsea9898,41.3,3,0.0,91.0,14743.0
a126589629,annachisholm,40.87,3,0.0,184.0,34468.0
a24477819,australia2,40.87,3,0.0,186.0,33189.0
a2818323725,influencingcom,40.43,3,0.0,138.0,20501.0
a108233441,AlanaMitchelson,40.43,3,0.0,168.0,33032.0
a3065060260,medianycity,40.43,3,0.0,93.0,14101.0
a941646805002940416,broderick7097,40.0,3,0.0,80.0,11655.0
a827979936581292032,joshua_nahas,40.0,3,0.0,86.0,13446.0
a1977180493,MedianetEditor,39.57,3,0.0,162.0,30338.0
a77517399,barbarachai,39.57,3,0.0,88.0,14902.0
a1029723526041759744,ErhamahAldhahe1,39.13,3,0.0,79.0,10944.0
a739004232355844097,rosecabrera90,39.13,3,0.0,81.0,11953.0
a227695186,sheilawsj,39.13,3,0.0,87.0,14924.0
a848058306,britt_nicole49,38.7,3,0.0,83.0,12604.0
a733076671,CorySchouten,37.83,3,0.0,83.0,13213.0
a100212482,DanielleGuss,37.39,3,0.0,141.0,28676.0
a2995375437,trader66690,37.39,3,0.0,81.0,12237.0
a32545217,edkap,37.39,3,0.0,80.0,14071.0
a703198861397917696,konnitinosekai,37.39,3,0.0,79.0,11533.0
a799420166761086977,threeonen,36.96,3,0.0,87.0,15886.0
a36182533,mhammond7,36.52,3,0.0,161.0,27461.0
a3001048443,CellUnlockCode_,36.52,3,0.0,74.0,10544.0
a636998432,WSJAmbitiousHrs,36.09,3,0.0,93.0,13752.0
a498144170,AndrewTangel,36.09,3,0.0,76.0,12516.0
a16207747,jerryschranz,36.09,3,0.0,69.0,10045.0
a795675179364061185,GreggGethard,36.09,3,0.0,68.0,10009.0
a17354328,prwireau,35.65,3,0.0,119.0,18059.0
a597221390,livcaisley,35.65,3,0.0,137.0,29704.0
a4256646437,Oskar__AE,35.65,3,0.0,71.0,10698.0
a298903715,dawkins_scott,34.78,3,0.0,138.0,27699.0
a329564476,Greenleegur,34.78,3,0.0,74.0,11658.0
a140283699,jase__1,34.78,3,0.0,135.0,25977.0
a973500819197669376,AusPolStats,34.35,3,0.0,137.0,26231.0
a93147668,SelinaSteele,34.35,3,0.0,107.0,17546.0
a14370917,carlazanoni,34.35,3,0.0,82.0,14243.0
a21176376,OscarBColeman,34.35,3,0.0,145.0,28139.0
a738759445333856260,FinAntimonopoly,34.35,3,0.0,72.0,11748.0
a1011004948836802560,JACKTWARD_,33.91,3,0.0,146.0,27295.0
a43334517,brendanmoran7,33.91,3,0.0,76.0,14196.0
a737578407584636929,CAROLYNMICHEAL3,33.91,3,0.0,66.0,8923.0
a50603352,davemeddows,33.48,3,0.0,131.0,28167.0
a232342804,DeborahClay,33.48,3,0.0,134.0,25016.0
a2258689484,CamReddin,33.48,3,0.0,126.0,25320.0
a84617980,ashleyshuston,33.48,3,0.0,83.0,14745.0
a6613262,jg_rat,66.67,3,0.0,75.0,12507.0
a25001276,megandmiller1,60.0,3,0.0,64.0,12998.0
a47913,boudist,60.0,3,0.0,13.0,2072.0
a16714359,Dwotapka,60.0,3,0.0,20.0,3474.0
a14128457,foraggio,53.33,3,0.0,28.0,4634.0
a78403,letterstoharry,46.67,3,0.0,6.0,229.0
a28888486,bobbymacReports,46.67,3,0.0,1.0,97.0
a14990982,eunmac,46.67,3,0.0,21.0,2578.0
a811255,funkycoda,46.67,3,0.0,5.0,137.0
a367183,200ok,46.67,3,0.0,8.0,339.0
a14310249,dailyaddict,40.0,3,0.0,20.0,3574.0
a101653,diversionary,40.0,3,0.0,30.0,4039.0
a25071215,ryanchittum,40.0,3,0.0,12.0,2322.0
a14143903,mkung,40.0,3,0.0,12.0,3090.0
a24709803,wsjrock,40.0,3,0.0,0.0,0.0
a51946661,aujournos,40.0,3,0.0,35.0,6889.0
a16835274,peteramckay,40.0,3,0.0,21.0,4369.0
a749333,bronwen,40.0,3,0.0,54.0,10335.0
a1831911,ericscheid,40.0,3,0.0,17.0,954.0
a16325245,dministry,40.0,3,0.0,1.0,46.0
a7064052,eskimo_sparky,40.0,3,0.0,45.0,6212.0
a14297685,ianlyons,40.0,3,0.0,13.0,1525.0
a5545302,mdm_z,40.0,3,0.0,9.0,270.0
a5417572,imacri,40.0,3,0.0,0.0,0.0
a12645,gleddy,40.0,3,0.0,5.0,283.0
a776623,RuthEllison,40.0,3,0.0,5.0,238.0
a14621017,edave,40.0,3,0.0,7.0,361.0
a5480292,andycoffey,40.0,3,0.0,9.0,1040.0
a15629838,bhowarth,40.0,3,0.0,19.0,2756.0
a23554400,KerrieYaxley,33.33,3,0.0,42.0,11682.0
a19585268,brycecorbett,33.33,3,0.0,58.0,14129.0
a19704769,MaggieA,33.33,3,0.0,10.0,2249.0
a48211571,kelliesloane,33.33,3,0.0,42.0,10828.0
a11462732,edwardroussel,33.33,3,0.0,43.0,7325.0
a26338636,thejuggle,33.33,3,0.0,9.0,1731.0
a5373352,srama,33.33,3,0.0,14.0,3441.0
a15114605,Owenjay,33.33,3,0.0,36.0,8991.0
a162978680,EmmaJWardill,33.33,3,0.0,29.0,6688.0
a53230692,BigHarto,33.33,3,0.0,5.0,1723.0
a111219971,MaxMcKew,33.33,3,0.0,12.0,3029.0
a104712954,Mark_Arbib,33.33,3,0.0,15.0,4305.0
a8825152,suzanneyada,33.33,3,0.0,0.0,0.0
a14719362,keithahern,33.33,3,0.0,29.0,3529.0
a25024500,NDMPressOffice,33.33,3,0.0,16.0,2796.0
a800364,NickHodgeAU,33.33,3,0.0,6.0,274.0
a899351,steven_noble,33.33,3,0.0,31.0,5351.0
a16448545,milkbarmedia,33.33,3,0.0,78.0,16182.0
a8868832,antonymd,33.33,3,0.0,16.0,2812.0
a18929464,remogiuffre,33.33,3,0.0,6.0,2007.0
